x_axis,Avian_Lomolino,Avian_Asymp,Avian_Michaelis-Menten,BenthicInvertebrate_Lomolino,BenthicInvertebrate_Asymp,BenthicInvertebrate_Michaelis-Menten,Cetacean_Lomolino,Cetacean_Asymp,Cetacean_Michaelis-Menten,Fish_Lomolino,Fish_Asymp,Fish_Michaelis-Menten,Insect_Lomolino,Insect_Asymp,Insect_Michaelis-Menten,Plant_Lomolino,Plant_Asymp,Plant_Michaelis-Menten
1,0.0,51.516068059281906,0.0,,7.065353408566409,0.0,0.0,1.1358912122209652,0.0,0.0,24.81580215778112,0.0,0.0,16.167951460456578,0.0,0.0,40.298403399268295,0.0
2,70.28106035888072,78.09799945071632,57.565755242693356,,32.34233927983928,30.040832823010252,2.0224737632479064,2.0296474511905904,1.922499925902773,82.82790697734676,83.66474133813989,79.95728914657896,25.200957485604135,27.808234689500296,18.64753560076622,45.57355291966135,48.07392203404721,38.75887980233489
3,102.97555919502126,101.16230034735261,95.89320782814478,,54.36825324088991,54.3015473293487,2.734212210774354,2.7163401529681046,2.8088577136128325,130.53609950256447,128.9788367160604,130.70423121166564,38.93271104875726,38.503411303924565,33.999675492913546,55.58659977380597,54.64069891615945,54.67349243473556
4,125.74987003763191,121.17446455081586,123.2456487547301,,73.56124121383351,74.30395627952225,3.237793440074549,3.24394135575034,3.3189131297698813,164.33676154870483,163.87100756091064,165.77544160776048,49.7610015122316,48.33021710950163,46.85904406362299,61.74596938117399,60.18663876209615,63.34318037670406
5,143.17147469172582,138.5383863059635,143.7466999064996,,90.2856680857882,91.07874880210241,3.6364535822420985,3.6493090383494344,3.6503427108158792,189.9996247996955,190.73822351463417,191.46253173127084,58.92062471431923,57.3591575208537,57.78718897938987,66.18504153036709,64.87043559681595,68.79789185463837
6,157.18454232073066,153.60451187106923,159.6840993451478,,104.85903491067567,105.34882019310572,3.9696436508478556,3.9607620017415277,3.88299849557514,210.32576461066182,211.42616799116865,211.08747606183383,66.94187749348161,65.65501342404859,67.18877173317736,69.64023387720513,68.82611369617439,72.5462232216579
7,168.82770197870735,166.6769123773799,172.42906877487783,,117.55800643530695,117.63618531945662,4.2573392621251855,4.200058207555872,4.055309478193328,226.90993944573935,227.3560301473873,226.56977123940044,74.11666838014341,73.27730596681974,75.36277963864167,72.45736957253575,72.16686261802214,75.28057584155502
8,178.72780799866518,178.01942072558992,182.85349996064016,,128.62366337794288,128.32722267346583,4.511261895307827,4.383914779326718,4.188058219341867,240.74679128755895,239.62213558884167,239.09590297344926,80.62803481592437,80.2807236111895,82.53490680116201,74.8273107189526,74.98827605928192,77.36337347588464
9,187.2940420578237,187.86095637675874,191.53827805464095,,138.26607917000928,137.71404070038355,4.738958658234472,4.525175853100508,4.293466754097542,252.4962539931476,249.067122697041,249.4387522874974,86.60052358896746,86.71551451251567,88.87871593103439,76.86670765596922,77.37108721712211,79.00270722710938
10,194.80870903376098,196.40014550493004,198.88534087584765,,146.66830804707263,146.02157539687718,4.945611905709336,4.633709862907866,4.379192773882675,262.61666026015297,256.33982892803147,258.12337443232656,92.12380220660937,92.62784704020345,94.52986842048057,78.65209743594082,79.38347892508551,80.32658166783915
11,201.47484157222172,203.80932975739154,205.1816595341012,,153.98986020007595,153.42584911282663,5.134953047597005,4.7170989450532215,4.45027838837963,271.43785462267505,261.9398636677688,265.51895932151933,97.26515734842306,98.06014102674945,99.59593453059892,80.2364035376576,81.08303466745102,81.41806112642726
12,207.44328389461677,210.2380445291277,210.6376003219708,,160.36972996004886,160.06658071097345,5.309768638766341,4.781168622690556,4.510179000635506,279.2041208025477,266.25192964296684,271.8926725633959,102.07671006029753,103.05137212176443,104.1633064884877,81.6577337132084,82.51838629903311,82.33340053000478
13,212.8290837756315,215.81603695152006,215.41088694226008,,165.92903450417074,166.05608586298098,5.472200842465104,4.830394774207571,4.561341937520405,286.1007207904664,269.5722506478564,277.442620575718,106.59986170986946,107.63735143465587,108.30216581590854,82.94442722706908,83.7306056190172,83.1120539065861
14,217.7219084928415,220.6558845056624,219.62209775778527,,170.7733131770986,171.485681298433,5.623935788089238,4.868216316043518,4.605549079172361,292.2709971342446,272.1289210789029,282.31880989463053,110.86817683855861,111.85098247235177,112.07011519462034,84.1181213022317,84.75437961795222,83.78251074066087
15,222.1929298352308,224.85526711028984,223.36499283743913,,174.99453107849902,176.43037321168575,5.766326941387685,4.897275443819408,4.644128637937437,297.827778174755,274.0975752190784,286.6369099841568,114.90933071348795,115.72249721554417,115.51487578240116,85.19570234504975,85.61900302694818,84.36585743627431
16,226.29952647407313,228.49893854059218,226.7135771662122,,178.67282495343284,180.95234323250003,5.900478880633877,4.91960221491611,4.678090898609997,302.86120698442744,275.61345269650667,290.4875462917455,118.74647016418518,119.27967302725263,118.67631899967002,86.19059584284572,86.34921657032928,84.87803527435105
17,230.08858553372627,231.66043696594932,229.72704324812148,,181.87802453004963,185.10357699888726,6.027305935922833,4.936756367354853,4.708217973300709,307.44425015421496,276.78068897213274,293.94273017074613,122.39919170626571,122.54803194998526,121.5880167992535,87.11364686152544,86.96591490788224,85.33131946472515
18,233.59887613135365,234.40356912940734,232.4533004933948,,184.67097818607832,188.92787167371034,6.147574306586383,4.949936282382293,4.7351247746978995,311.6366582758528,277.679469080304,297.06040453848556,125.88426167542536,125.55102382141473,124.27843849529721,87.97373774019138,87.48674452407865,85.73531572326462
19,236.86279110828585,236.7836981232556,234.931541366614,,187.10470811092682,192.46238711311437,6.261932992326822,4.960062702836515,4.759301429043666,315.48786755068295,278.37153605912636,299.88771947737814,129.21615749597578,128.3101945223889,126.77188471969941,88.77823176998879,87.92660867254328,86.09764852299712
20,239.90764831834753,238.848860751153,237.19413765329674,,189.22541689330063,195.73885729532688,6.370936953787697,4.967843055820748,4.781143401952302,319.0391614815286,278.9044324804221,302.4634333546986,132.40748189537885,130.84534056442283,129.08922348774152,89.53329851013139,88.29809382447742,86.42444685206264
21,242.75667843110296,240.64073702789574,239.26806235335178,,191.0733646436729,198.78454576457332,6.4750647529093515,4.973820873237369,4.800973298683892,322.3253055639368,279.31476645750774,304.81970022681605,135.4692849360376,133.1746511258067,131.24847562263983,90.24415668076006,88.61182982362449,86.72069373528002
22,245.42978547029043,242.19549138369308,241.1759701083168,,192.6836333031366,201.62300605021346,6.574732193420487,4.978413762678102,4.819056904991694,325.37580016903104,279.63072649405956,306.98341905725835,138.41131790531531,135.314838555412,133.265284320698,90.91525845662332,88.87679405341493,86.99048210591026
23,247.94413986792355,243.54450255050475,242.93702815045032,,194.08679264848527,204.2746919761885,6.670303011724704,4.98194258129945,4.835615168859046,328.2158525323302,279.87401793535537,308.9772651550036,141.24223599386968,137.28125828053405,135.15329475377175,91.55043132370457,89.10056831986603,87.23720505052266
24,250.31464625700062,244.71499686132415,244.56756249036377,,195.3094806371437,206.7574513305429,6.7620973582131105,4.984653850756958,4.850833272974451,330.8671392013115,280.0613540492949,310.82048785540246,143.96976191220693,139.0880189790876,136.92446319515065,92.15298869143734,89.28955580080009,87.46369925951292
25,252.5543163253601,245.73059774393118,246.0815655591512,,196.37490910937336,209.08692809925333,6.850398599782431,4.986736979095363,4.864867590015471,333.348410182221,280.20560416922933,312.52953400064416,146.60081931369345,140.74808380661827,138.5893104760495,92.72581715629322,89.44916426926358,87.6723545827495
26,254.67456883715448,246.61180249923675,247.4910987649255,,197.30330444814095,211.27689243066737,6.935458830398434,4.9883374927079975,4.877851075584154,335.67597210735113,280.31667777198294,314.11854004402977,149.14164259643604,142.27336340441488,140.15713112807296,93.27144608046892,89.58396083398497,87.8651986799013
27,256.6854731605897,247.37639598676876,248.806614496413,,198.11229156225627,213.33951303886758,7.017503375760791,4.989567202744102,4.889897493456262,337.8640779596169,280.4022052241213,315.59972397894325,151.59786802271103,143.67480135603705,141.63616699482643,93.79210361025642,89.69780262468447,88.04396312967268
28,258.59594852951597,248.03980956648064,250.03721577208245,,198.81722848241947,215.2855834298503,7.09673450641368,4.990512016184587,4.901104757837919,339.92524391478514,280.4680619613473,316.9837001027451,153.974609913939,144.96245270539234,143.0337521610838,94.28976217951023,89.7939471617241,88.21013556900952
29,260.4139282953229,248.6154325412025,251.19086718146085,,199.43149792223934,217.12471083207976,7.173334521866099,4.991237937264444,4.9115576006661446,341.87050882176874,280.5187721103067,318.2797337772305,156.27652481382643,146.14555609971484,144.35643457977721,94.76617577537039,89.87514556826501,88.36500118923048
30,262.1464962507669,249.11488238540306,252.27456745545305,,199.96676133929702,218.86547481290125,7.247468330390912,4.991795678498429,4.921329717797569,343.70964815621863,280.5578192802061,319.49594911958087,158.50786586979254,147.23260007505658,145.61007865376618,95.2229106888071,89.9437212921469,88.50967604033043
31,263.80000049662664,249.54823921413717,253.29449156918102,,200.43318031941794,220.5155611076148,7.319285621093827,4.992224203434153,4.930485509117848,345.45135155776717,280.58788587453563,320.6394994666957,160.67252920008298,148.23138395987803,146.79995216317005,95.6613710670367,90.00163659007283,88.64513397004889
32,265.3801491161121,249.92424922433366,254.25610847353926,,200.83960948697228,222.08187506566165,7.388922703800789,4.992553448627709,4.939081499471149,347.1033710254257,280.61103736277164,321.7167081717009,162.77409364732256,149.14907383370797,147.93080025622797,96.08282028481413,90.05054867650774,88.77222857319227
33,266.89209100989257,250.2505012143645,255.16427919636885,,201.19376460346453,223.57063824608946,7.456504076374617,4.9928064149977915,4.947167506686803,348.67264530981714,280.62886417087867,322.73318558681495,164.81585503793525,149.9922539423664,149.00690869538897,96.48839892716008,90.09185714396097,88.8917111971746
34,268.3404845483431,250.53357974449054,256.02333902866394,,201.50236904564167,224.98747101182798,7.522143766881682,4.993000774659359,4.954787607705027,350.16540487180004,280.64259093798944,323.69392680275854,166.80085584897824,150.7669739386437,150.03215813599908,96.87914000646242,90.12674401155768,89.0042458064464
35,269.72955616141013,250.77919802933448,256.8371667287111,,201.77128144390025,226.33746343458986,7.585946488620455,4.993150105489511,4.961980942378028,351.58726087951374,280.65316064481425,324.60339373925217,168.73191101370574,151.47879228737924,151.01007088670065,97.25598190749183,90.15620754786748,89.11042132705292
36,271.0631505701854,250.9923132444758,257.6092430752035,,202.00560690411402,227.62523639601704,7.648008638698997,4.993264839671769,4.968782385898434,352.94328102136154,280.66129939310514,325.4655844337394,170.61163046309463,152.13281614636225,151.94385133907087,97.619779454273,90.18109083581166,89.21076195600108
37,272.34477403855794,251.17722657433467,258.34270063398213,,202.20979392434805,228.85499443089995,7.708419165101019,4.993352992483649,4.975223114240827,354.23805437100833,280.66756628629724,326.28409179846585,172.442438894142,152.73373800919268,152.83642104438889,97.97131341545753,90.20210589701824,89.30573581642167
38,273.5776317666365,251.33767002055615,259.04036623908326,,202.38771884635185,230.03057158587094,7.767260322636169,4.9934207222402875,4.9813310819625505,355.4757471153881,280.6723918379518,327.06215366733886,174.2265931706781,153.28586937300727,153.69044924651786,98.31129870438937,90.21985406593012,89.39576226012694
39,274.76466034399033,251.47688172289833,259.70479740282434,,202.54275944508225,231.15547134739654,7.824608334552633,4.993472760511517,4.987131427812598,356.66015062077196,280.6761075465265,327.80269560266424,175.9661976939805,153.79317167263054,154.50837954311268,98.64039148242287,90.23484319666014,89.48121805791467
40,275.9085560181499,251.5976713127845,260.33831364357957,,202.67785905329887,232.2329015150109,7.880533973691011,4.993512742667175,4.992646820561566,357.7947230447726,280.6789686681558,328.5083676549623,177.6632180250374,154.25928470309677,155.2924532360638,98.95919533626953,90.24750219495776,89.56244267036816
41,277.01179940318957,251.70247661851235,260.9430235400802,,202.79558243859114,233.2658047509334,7.935103074720455,4.993543461842375,4.997897755084869,358.8826254884192,280.6811717518512,329.1815760495008,179.31949299515057,154.68755273446922,156.0447298411009,99.2682666699799,90.25819329111174,89.6397427546486
42,278.0766771476866,251.7934128665703,261.52084817723176,,202.89816449362158,234.2568854187962,7.988376987101521,4.993567064064654,5.00290280685237,359.9267535104748,280.6828681417282,329.8245105980455,180.93674550456865,155.0810485063257,156.7671051517649,99.5681194279306,90.26722240497104,89.7133960334333
43,279.10530099562993,251.872315372063,262.07354153274906,,202.9875526639341,235.2086332269389,8.040412976873283,4.993585198174467,5.007678851485327,360.929764687074,280.6841743738159,330.43916849385374,182.5165921783788,155.4425952740653,157.46132719134866,99.85922924560298,90.27484789967333,89.7836546288953
44,280.0996246038675,251.940776579843,262.60270826038453,,203.06544391878808,236.12334411149212,8.091264584093627,4.993599131012437,5.01224125484979,361.8941027866849,280.68518018167293,331.0273750346675,184.06055202366127,155.77478706521526,158.12901033539282,100.1420371090283,90.2812879745645,89.85074794607716
45,281.0614584222614,252.00017820392867,263.1098192495335,,203.13331696688283,237.00313872801942,8.14098194171627,4.993609835920254,5.016604038198375,362.8220190380217,280.6859546607681,331.59080172666444,185.57005421094317,156.08000729107252,158.7716478449239,100.4169525907796,90.28672690885313,89.91488517514622
46,281.9924828953868,252.0517191138605,263.5962252789792,,203.1924603285646,237.84997886523385,8.189612060822272,4.993618060737885,5.020780022099627,363.71559089272415,280.68655101509626,332.13098214757,187.0464450854652,156.36044584721458,159.39062301524623,100.68435671972388,90.29132033465883,89.97625747003552
47,282.89426020542743,252.09643953081027,264.0631690316799,,203.243996797446,238.66568204819654,8.237199086403802,4.993624380047327,5.024780952267185,364.57673862212704,280.6870102121061,332.649325885981,188.49099449907536,156.61811482557326,159.98721911547875,100.94460453295243,90.29519969034011,90.03503985126864
48,283.76824474333677,252.13524202177916,264.5117956956219,,203.28890475582435,239.45193455978537,8.283784527296241,4.99362923531265,5.028617609889842,365.40724003571034,280.6873637970201,333.1471308236977,189.90490154117987,156.85486295080173,160.5626282691421,101.19802735102101,90.29847598153069,90.09139287286456
49,284.61579246813824,252.16890971559974,264.94316234113234,,203.32803674855663,240.21030307676702,8.329407463350243,4.993632965720469,5.032299908645005,366.20874356582465,280.6876360598806,333.62559398639826,191.28929973670756,157.0723888445132,161.11795940512226,101.44493481156931,90.30124295750487,90.14546408675689
50,285.43816929144276,252.19812210838407,265.35824623629844,,203.36213566800194,240.94224508943904,8.374104732510178,4.99363583187537,5.035836980233725,366.9827799274106,280.6878457041903,334.0858211536357,192.64526177015483,157.27225321255966,161.6542453905967,101.68561669132589,90.30357979376161,90.19738933285453
