taxonID,scientificName,taxonRank,vernacularName,kingdom,phylum,class,order,family,genus,acceptedNameUsage
KL_Algae_0000001,Caulerpa racemosa,species,總狀蕨藻,Plantae,Chlorophyta,Ulvophyceae,Bryopsidales,Caulerpaceae,Caulerpa, 
KL_Algae_0000002,Porphyra,genus,紫菜屬,,,,,,, 
KL_Algae_0000003,Asparagopsis taxiformis,species,蘆筍藻,Plantae,Rhodophyta,Florideophyceae,Bonnemaisoniales,Bonnemaisoniaceae,Asparagopsis, 
KL_Algae_0000004,Mastophora rosea,species,寬珊藻,Plantae,Rhodophyta,Florideophyceae,Corallinales,Mastophoraceae,Mastophora, 
KL_Algae_0000005,Dudresnaya japonica,species,日本杜蠕藻,Plantae,Rhodophyta,Florideophyceae,Gigartinales,Dumontiaceae,Dudresnaya, 
KL_Algae_0000006,Chondrus,genus,角叉菜屬,,,,,,, 
KL_Algae_0000007,Halymenia floresia,species,海膜,Plantae,Rhodophyta,Florideophyceae,Halymeniales,Halymeniaceae,Halymenia, 
KL_Algae_0000008,Hypnea pannosa,species,巢沙菜,Plantae,Rhodophyta,Florideophyceae,Gigartinales,Cystocloniaceae,Hypnea, 
KL_Algae_0000009,Valoniopsis pachynema,species,指枝藻,Plantae,Chlorophyta,Ulvophyceae,Siphonocladales,Valoniaceae,Valoniopsis, 
KL_Algae_0000010,Ulva pertusa,species,孔石蓴,Plantae,Chlorophyta,Ulvophyceae,Ulvales,Ulvaceae,Ulva, 
KL_Algae_0000011,Dictyosphaeria cavernosa,species,網球藻,Plantae,Chlorophyta,Ulvophyceae,Siphonocladales,Siphonocladaceae,Dictyosphaeria, 
KL_Avian_0000001,Anser,genus,豆雁,,,,,,, 
KL_Avian_0000002,Aix galericulata,species,鴛鴦,Animalia,Chordata,Aves,Anseriformes,Anatidae,Aix, 
KL_Avian_0000003,Mareca penelope,species,赤頸鴨,Animalia,Chordata,Aves,Anseriformes,Anatidae,Mareca, 
KL_Avian_0000004,Anas zonorhyncha,species,花嘴鴨,Animalia,Chordata,Aves,Anseriformes,Anatidae,Anas, 
KL_Avian_0000005,Anas platyrhynchos,species,綠頭鴨,Animalia,Chordata,Aves,Anseriformes,Anatidae,Anas, 
KL_Avian_0000006,Anas acuta,species,尖尾鴨,Animalia,Chordata,Aves,Anseriformes,Anatidae,Anas, 
KL_Avian_0000007,Anas crecca,species,小水鴨,Animalia,Chordata,Aves,Anseriformes,Anatidae,Anas, 
KL_Avian_0000008,Coturnix japonica,species,鵪鶉,Animalia,Chordata,Aves,Galliformes,Phasianidae,Coturnix, 
KL_Avian_0000009,Podiceps nigricollis,species,黑頸鸊鷉,Animalia,Chordata,Aves,Podicipediformes,Podicipedidae,Podiceps, 
KL_Avian_0000010,Columba livia,species,野鴿,Animalia,Chordata,Aves,Columbiformes,Columbidae,Columba, 
KL_Avian_0000011,Columba janthina,species,黑林鴿,Animalia,Chordata,Aves,Columbiformes,Columbidae,Columba, 
KL_Avian_0000012,Streptopelia orientalis,species,金背鳩,Animalia,Chordata,Aves,Columbiformes,Columbidae,Streptopelia, 
KL_Avian_0000013,Streptopelia decaocto,species,灰斑鳩,Animalia,Chordata,Aves,Columbiformes,Columbidae,Streptopelia, 
KL_Avian_0000014,Streptopelia tranquebarica,species,紅鳩,Animalia,Chordata,Aves,Columbiformes,Columbidae,Streptopelia, 
KL_Avian_0000015,Streptopelia chinensis,species,珠頸斑鳩,Animalia,Chordata,Aves,Columbiformes,Columbidae,Spilopelia, 
KL_Avian_0000016,Centropus bengalensis,species,番鵑,Animalia,Chordata,Aves,Cuculiformes,Cuculidae,Centropus, 
KL_Avian_0000017,Clamator coromandus,species,冠郭公,Animalia,Chordata,Aves,Cuculiformes,Cuculidae,Clamator, 
KL_Avian_0000018,Cuculus canorus,species,大杜鵑,Animalia,Chordata,Aves,Cuculiformes,Cuculidae,Cuculus, 
KL_Avian_0000019,Cuculus optatus,species,北方中杜鵑,Animalia,Chordata,Aves,Cuculiformes,Cuculidae,Cuculus, 
KL_Avian_0000020,Caprimulgus jotaka,species,普通夜鷹,Animalia,Chordata,Aves,Caprimulgiformes,Caprimulgidae,Caprimulgus, 
KL_Avian_0000021,Hirundapus caudacutus,species,白喉針尾雨燕,Animalia,Chordata,Aves,Apodiformes,Apodidae,Hirundapus, 
KL_Avian_0000022,Aerodramus brevirostris,species,短嘴金絲燕,Animalia,Chordata,Aves,Apodiformes,Apodidae,Aerodramus, 
KL_Avian_0000023,Apus pacificus,species,叉尾雨燕,Animalia,Chordata,Aves,Apodiformes,Apodidae,Apus, 
KL_Avian_0000024,Apus nipalensis,species,小雨燕,Animalia,Chordata,Aves,Apodiformes,Apodidae,Apus, 
KL_Avian_0000025,Rallus indicus,species,東亞秧雞,Animalia,Chordata,Aves,Gruiformes,Rallidae,Rallus, 
KL_Avian_0000026,Gallinula chloropus,species,紅冠水雞,Animalia,Chordata,Aves,Gruiformes,Rallidae,Gallinula, 
KL_Avian_0000027,Amaurornis phoenicurus,species,白腹秧雞,Animalia,Chordata,Aves,Gruiformes,Rallidae,Amaurornis, 
KL_Avian_0000028,Zapornia fusca,species,緋秧雞,Animalia,Chordata,Aves,Gruiformes,Rallidae,Porzana, 
KL_Avian_0000029,Zapornia pusilla,species,小秧雞,Animalia,Chordata,Aves,Gruiformes,Rallidae,Porzana, 
KL_Avian_0000030,Himantopus himantopus,species,高蹺鴴,Animalia,Chordata,Aves,Charadriiformes,Recurvirostridae,Himantopus, 
KL_Avian_0000031,Pluvialis squatarola,species,灰斑鴴,Animalia,Chordata,Aves,Charadriiformes,Charadriidae,Pluvialis, 
KL_Avian_0000032,Pluvialis fulva,species,太平洋金斑鴴,Animalia,Chordata,Aves,Charadriiformes,Charadriidae,Pluvialis, 
KL_Avian_0000033,Charadrius mongolus,species,蒙古鴴,Animalia,Chordata,Aves,Charadriiformes,Charadriidae,Charadrius, 
KL_Avian_0000034,Charadrius leschenaultii,species,鐵嘴鴴,Animalia,Chordata,Aves,Charadriiformes,Charadriidae,Charadrius, 
KL_Avian_0000035,Charadrius alexandrinus,species,東方環頸鴴,Animalia,Chordata,Aves,Charadriiformes,Charadriidae,Charadrius, 
KL_Avian_0000036,Charadrius dubius,species,小環頸鴴,Animalia,Chordata,Aves,Charadriiformes,Charadriidae,Charadrius, 
KL_Avian_0000037,Charadrius veredus,species,東方紅胸鴴,Animalia,Chordata,Aves,Charadriiformes,Charadriidae,Charadrius, 
KL_Avian_0000038,Numenius phaeopus,species,中杓鷸,Animalia,Chordata,Aves,Charadriiformes,Scolopacidae,Numenius, 
KL_Avian_0000039,Numenius minutus,species,小杓鷸,Animalia,Chordata,Aves,Charadriiformes,Scolopacidae,Numenius, 
KL_Avian_0000040,Numenius arquata,species,大杓鷸,Animalia,Chordata,Aves,Charadriiformes,Scolopacidae,Numenius, 
KL_Avian_0000041,Arenaria interpres,species,翻石鷸,Animalia,Chordata,Aves,Charadriiformes,Scolopacidae,Arenaria, 
KL_Avian_0000042,Calidris tenuirostris,species,大濱鷸,Animalia,Chordata,Aves,Charadriiformes,Scolopacidae,Calidris, 
KL_Avian_0000043,Calidris acuminata,species,尖尾濱鷸,Animalia,Chordata,Aves,Charadriiformes,Scolopacidae,Calidris, 
KL_Avian_0000044,Calidris ruficollis,species,紅胸濱鷸,Animalia,Chordata,Aves,Charadriiformes,Scolopacidae,Calidris, 
KL_Avian_0000045,Calidris alba,species,三趾濱鷸,Animalia,Chordata,Aves,Charadriiformes,Scolopacidae,Calidris, 
KL_Avian_0000046,Calidris alpina,species,黑腹濱鷸,Animalia,Chordata,Aves,Charadriiformes,Scolopacidae,Calidris, 
KL_Avian_0000047,Scolopax rusticola,species,山鷸,Animalia,Chordata,Aves,Charadriiformes,Scolopacidae,Scolopax, 
KL_Avian_0000048,Gallinago gallinago,species,田鷸,Animalia,Chordata,Aves,Charadriiformes,Scolopacidae,Gallinago, 
KL_Avian_0000049,Gallinago megala,species,中地鷸,Animalia,Chordata,Aves,Charadriiformes,Scolopacidae,Gallinago, 
KL_Avian_0000050,Xenus cinereus,species,反嘴鷸,Animalia,Chordata,Aves,Charadriiformes,Scolopacidae,Xenus, 
KL_Avian_0000051,Phalaropus lobatus,species,紅領瓣足鷸,Animalia,Chordata,Aves,Charadriiformes,Scolopacidae,Phalaropus, 
KL_Avian_0000052,Actitis hypoleucos,species,磯鷸,Animalia,Chordata,Aves,Charadriiformes,Scolopacidae,Actitis, 
KL_Avian_0000053,Tringa ochropus,species,白腰草鷸,Animalia,Chordata,Aves,Charadriiformes,Scolopacidae,Tringa, 
KL_Avian_0000054,Tringa brevipes,species,黃足鷸,Animalia,Chordata,Aves,Charadriiformes,Scolopacidae,Tringa, 
KL_Avian_0000055,Tringa incana,species,美洲黃足鷸,Animalia,Chordata,Aves,Charadriiformes,Scolopacidae,Tringa, 
KL_Avian_0000056,Tringa nebularia,species,青足鷸,Animalia,Chordata,Aves,Charadriiformes,Scolopacidae,Tringa, 
KL_Avian_0000057,Tringa glareola,species,鷹斑鷸,Animalia,Chordata,Aves,Charadriiformes,Scolopacidae,Tringa, 
KL_Avian_0000058,Tringa totanus,species,赤足鷸,Animalia,Chordata,Aves,Charadriiformes,Scolopacidae,Tringa, 
KL_Avian_0000059,Glareola maldivarum,species,燕鴴,Animalia,Chordata,Aves,Charadriiformes,Glareolidae,Glareola, 
KL_Avian_0000060,Stercorarius parasiticus,species,短尾賊鷗,Animalia,Chordata,Aves,Charadriiformes,Stercorariidae,Stercorarius, 
KL_Avian_0000061,Stercorarius longicaudus,species,長尾賊鷗,Animalia,Chordata,Aves,Charadriiformes,Stercorariidae,Stercorarius, 
KL_Avian_0000062,Larus crassirostris,species,黑尾鷗,Animalia,Chordata,Aves,Charadriiformes,Laridae,Larus, 
KL_Avian_0000063,Larus argentatus,species,銀鷗,Animalia,Chordata,Aves,Charadriiformes,Laridae,Larus, 
KL_Avian_0000064,Anous stolidus,species,玄燕鷗,Animalia,Chordata,Aves,Charadriiformes,Laridae,Anous, 
KL_Avian_0000065,Onychoprion anaethetus,species,白眉燕鷗,Animalia,Chordata,Aves,Charadriiformes,Laridae,Onychoprion, 
KL_Avian_0000066,Onychoprion aleuticus,species,白腰燕鷗,Animalia,Chordata,Aves,Charadriiformes,Laridae,Onychoprion, 
KL_Avian_0000067,Sternula albifrons,species,小燕鷗,Animalia,Chordata,Aves,Charadriiformes,Laridae,Sternula, 
KL_Avian_0000068,Gelochelidon nilotica,species,鷗嘴燕鷗,Animalia,Chordata,Aves,Charadriiformes,Laridae,Gelochelidon, 
KL_Avian_0000069,Chlidonias leucopterus,species,白翅黑燕鷗,Animalia,Chordata,Aves,Charadriiformes,Laridae,Chlidonias, 
KL_Avian_0000070,Chlidonias hybrida,species,黑腹燕鷗,Animalia,Chordata,Aves,Charadriiformes,Laridae,Chlidonias, 
KL_Avian_0000071,Sterna dougallii,species,紅燕鷗,Animalia,Chordata,Aves,Charadriiformes,Laridae,Sterna, 
KL_Avian_0000072,Sterna sumatrana,species,蒼燕鷗,Animalia,Chordata,Aves,Charadriiformes,Laridae,Sterna, 
KL_Avian_0000073,Sterna hirundo,species,燕鷗,Animalia,Chordata,Aves,Charadriiformes,Laridae,Sterna, 
KL_Avian_0000074,Thalasseus bergii,species,鳳頭燕鷗,Animalia,Chordata,Aves,Charadriiformes,Laridae,Thalasseus, 
KL_Avian_0000075,Hydrobates monorhis,species,黑叉尾海燕,Animalia,Chordata,Aves,Procellariiformes,Hydrobatidae,Oceanodroma,Oceanodroma monorhis
KL_Avian_0000076,Hydrobates matsudairae,species,煙黑叉尾海燕,Animalia,Chordata,Aves,Procellariiformes,Hydrobatidae,Oceanodroma, 
KL_Avian_0000077,Oceanodroma tristrami,species,褐翅叉尾海燕,Animalia,Chordata,Aves,Procellariiformes,Hydrobatidae,Oceanodroma, 
KL_Avian_0000078,Bulweria bulwerii,species,穴鳥,Animalia,Chordata,Aves,Procellariiformes,Procellariidae,Bulweria, 
KL_Avian_0000079,Calonectris leucomelas,species,大水薙鳥,Animalia,Chordata,Aves,Procellariiformes,Procellariidae,Calonectris, 
KL_Avian_0000080,Ardenna pacifica,species,長尾水薙鳥,Animalia,Chordata,Aves,Procellariiformes,Procellariidae,Puffinus, 
KL_Avian_0000081,Ardenna tenuirostris,species,短尾水薙鳥,Animalia,Chordata,Aves,Procellariiformes,Procellariidae,Puffinus, 
KL_Avian_0000082,Fregata ariel,species,白斑軍艦鳥,Animalia,Chordata,Aves,Suliformes,Fregatidae,Fregata, 
KL_Avian_0000083,Fregata minor,species,軍艦鳥,Animalia,Chordata,Aves,Suliformes,Fregatidae,Fregata, 
KL_Avian_0000084,Sula dactylatra,species,藍臉鰹鳥,Animalia,Chordata,Aves,Suliformes,Sulidae,Sula, 
KL_Avian_0000085,Sula leucogaster,species,白腹鰹鳥,Animalia,Chordata,Aves,Suliformes,Sulidae,Sula, 
KL_Avian_0000086,Phalacrocorax carbo,species,鸕鷀,Animalia,Chordata,Aves,Suliformes,Phalacrocoracidae,Phalacrocorax, 
KL_Avian_0000087,Phalacrocorax capillatus,species,丹氏鸕鷀,Animalia,Chordata,Aves,Suliformes,Phalacrocoracidae,Phalacrocorax, 
KL_Avian_0000088,Botaurus stellaris,species,大麻鷺,Animalia,Chordata,Aves,Pelecaniformes,Ardeidae,Botaurus, 
KL_Avian_0000089,Ixobrychus sinensis,species,黃小鷺,Animalia,Chordata,Aves,Pelecaniformes,Ardeidae,Ixobrychus, 
KL_Avian_0000090,Ixobrychus eurhythmus,species,秋小鷺,Animalia,Chordata,Aves,Pelecaniformes,Ardeidae,Ixobrychus, 
KL_Avian_0000091,Ardea cinerea,species,蒼鷺,Animalia,Chordata,Aves,Pelecaniformes,Ardeidae,Ardea, 
KL_Avian_0000092,Ardea purpurea,species,紫鷺,Animalia,Chordata,Aves,Pelecaniformes,Ardeidae,Ardea, 
KL_Avian_0000093,Ardea alba,species,大白鷺,Animalia,Chordata,Aves,Pelecaniformes,Ardeidae,Ardea, 
KL_Avian_0000094,Ardea intermedia,species,中白鷺,Animalia,Chordata,Aves,Pelecaniformes,Ardeidae,Egretta, 
KL_Avian_0000095,Egretta eulophotes,species,唐白鷺,Animalia,Chordata,Aves,Pelecaniformes,Ardeidae,Egretta, 
KL_Avian_0000096,Egretta garzetta,species,小白鷺,Animalia,Chordata,Aves,Pelecaniformes,Ardeidae,Egretta, 
KL_Avian_0000097,Egretta sacra,species,岩鷺,Animalia,Chordata,Aves,Pelecaniformes,Ardeidae,Egretta, 
KL_Avian_0000098,Bubulcus ibis,species,黃頭鷺,Animalia,Chordata,Aves,Pelecaniformes,Ardeidae,Bubulcus, 
KL_Avian_0000099,Ardeola bacchus,species,池鷺,Animalia,Chordata,Aves,Pelecaniformes,Ardeidae,Ardeola, 
KL_Avian_0000100,Butorides striata,species,綠簑鷺,Animalia,Chordata,Aves,Pelecaniformes,Ardeidae,Butorides, 
KL_Avian_0000101,Nycticorax nycticorax,species,夜鷺,Animalia,Chordata,Aves,Pelecaniformes,Ardeidae,Nycticorax, 
KL_Avian_0000102,Gorsachius goisagi,species,麻鷺,Animalia,Chordata,Aves,Pelecaniformes,Ardeidae,Gorsachius, 
KL_Avian_0000103,Platalea leucorodia,species,白琵鷺,Animalia,Chordata,Aves,Pelecaniformes,Threskiornithidae,Platalea, 
KL_Avian_0000104,Platalea minor,species,黑面琵鷺,Animalia,Chordata,Aves,Pelecaniformes,Threskiornithidae,Platalea, 
KL_Avian_0000105,Pandion haliaetus,species,魚鷹,Animalia,Chordata,Aves,Accipitriformes,Pandionidae,Pandion, 
KL_Avian_0000106,Elanus caeruleus,species,黑翅鳶,Animalia,Chordata,Aves,Accipitriformes,Accipitridae,Elanus, 
KL_Avian_0000107,Pernis ptilorhynchus,species,東方蜂鷹,Animalia,Chordata,Aves,Accipitriformes,Accipitridae,Pernis, 
KL_Avian_0000108,Butastur indicus,species,灰面鵟鷹,Animalia,Chordata,Aves,Accipitriformes,Accipitridae,Butastur, 
KL_Avian_0000109,Circus spilonotus,species,東方澤鵟,Animalia,Chordata,Aves,Accipitriformes,Accipitridae,Circus, 
KL_Avian_0000110,Circus cyaneus,species,灰澤鵟,Animalia,Chordata,Aves,Accipitriformes,Accipitridae,Circus, 
KL_Avian_0000111,Accipiter soloensis,species,赤腹鷹,Animalia,Chordata,Aves,Accipitriformes,Accipitridae,Accipiter, 
KL_Avian_0000112,Accipiter gularis,species,日本松雀鷹,Animalia,Chordata,Aves,Accipitriformes,Accipitridae,Accipiter, 
KL_Avian_0000113,Accipiter nisus,species,北雀鷹,Animalia,Chordata,Aves,Accipitriformes,Accipitridae,Accipiter, 
KL_Avian_0000114,Milvus migrans,species,黑鳶,Animalia,Chordata,Aves,Accipitriformes,Accipitridae,Milvus, 
KL_Avian_0000115,Buteo japonicus,species,東方鵟,Animalia,Chordata,Aves,Accipitriformes,Accipitridae,Buteo, 
KL_Avian_0000116,Otus sunia,species,東方角鴞,Animalia,Chordata,Aves,Strigiformes,Strigidae,Otus, 
KL_Avian_0000117,Ninox japonica,species,褐鷹鴞,Animalia,Chordata,Aves,Strigiformes,Strigidae,Ninox, 
KL_Avian_0000118,Upupa epops,species,戴勝,Animalia,Chordata,Aves,Bucerotiformes,Upupidae,Upupa, 
KL_Avian_0000119,Alcedo atthis,species,翠鳥,Animalia,Chordata,Aves,Coraciiformes,Alcedinidae,Alcedo, 
KL_Avian_0000120,Halcyon coromanda,species,赤翡翠,Animalia,Chordata,Aves,Coraciiformes,Alcedinidae,Halcyon, 
KL_Avian_0000121,Halcyon pileata,species,黑頭翡翠,Animalia,Chordata,Aves,Coraciiformes,Alcedinidae,Halcyon, 
KL_Avian_0000122,Eurystomus orientalis,species,佛法僧,Animalia,Chordata,Aves,Coraciiformes,Coraciidae,Eurystomus, 
KL_Avian_0000123,Jynx torquilla,species,地啄木,Animalia,Chordata,Aves,Piciformes,Picidae,Jynx, 
KL_Avian_0000124,Falco tinnunculus,species,紅隼,Animalia,Chordata,Aves,Falconiformes,Falconidae,Falco, 
KL_Avian_0000125,Falco subbuteo,species,燕隼,Animalia,Chordata,Aves,Falconiformes,Falconidae,Falco, 
KL_Avian_0000126,Falco peregrinus,species,遊隼,Animalia,Chordata,Aves,Falconiformes,Falconidae,Falco, 
KL_Avian_0000127,Lalage melaschistos,species,黑翅山椒鳥,Animalia,Chordata,Aves,Passeriformes,Campephagidae,Coracina, 
KL_Avian_0000128,Pericrocotus divaricatus,species,灰山椒鳥,Animalia,Chordata,Aves,Passeriformes,Campephagidae,Pericrocotus, 
KL_Avian_0000129,Oriolus chinensis,species,黃鸝,Animalia,Chordata,Aves,Passeriformes,Oriolidae,Oriolus, 
KL_Avian_0000130,Dicrurus macrocercus,species,大卷尾,Animalia,Chordata,Aves,Passeriformes,Dicruridae,Dicrurus, 
KL_Avian_0000131,Dicrurus leucophaeus,species,灰卷尾,Animalia,Chordata,Aves,Passeriformes,Dicruridae,Dicrurus, 
KL_Avian_0000132,Dicrurus hottentottus,species,髮冠卷尾,Animalia,Chordata,Aves,Passeriformes,Dicruridae,Dicrurus, 
KL_Avian_0000133,Terpsiphone atrocaudata,species,紫綬帶,Animalia,Chordata,Aves,Passeriformes,Monarchidae,Terpsiphone, 
KL_Avian_0000134,Lanius bucephalus,species,紅頭伯勞,Animalia,Chordata,Aves,Passeriformes,Laniidae,Lanius, 
KL_Avian_0000135,Lanius cristatus,species,紅尾伯勞,Animalia,Chordata,Aves,Passeriformes,Laniidae,Lanius, 
KL_Avian_0000136,Lanius schach,species,棕背伯勞,Animalia,Chordata,Aves,Passeriformes,Laniidae,Lanius, 
KL_Avian_0000137,Corvus corone,species,小嘴烏鴉,Animalia,Chordata,Aves,Passeriformes,Corvidae,Corvus, 
KL_Avian_0000138,Alauda arvensis,species,歐亞雲雀,Animalia,Chordata,Aves,Passeriformes,Alaudidae,Alauda, 
KL_Avian_0000139,Alauda gulgula,species,小雲雀,Animalia,Chordata,Aves,Passeriformes,Alaudidae,Alauda, 
KL_Avian_0000140,Alauda,genus,雲雀屬,,,,,,, 
KL_Avian_0000141,Cisticola juncidis,species,棕扇尾鶯,Animalia,Chordata,Aves,Passeriformes,Cisticolidae,Cisticola, 
KL_Avian_0000142,Acrocephalus bistrigiceps,species,雙眉葦鶯,Animalia,Chordata,Aves,Passeriformes,Acrocephalidae,Acrocephalus, 
KL_Avian_0000143,Acrocephalus orientalis,species,東方大葦鶯,Animalia,Chordata,Aves,Passeriformes,Acrocephalidae,Acrocephalus, 
KL_Avian_0000144,Locustella lanceolata,species,茅斑蝗鶯,Animalia,Chordata,Aves,Passeriformes,Locustellidae,Locustella, 
KL_Avian_0000145,Locustella certhiola,species,小蝗鶯,Animalia,Chordata,Aves,Passeriformes,Locustellidae,Locustella, 
KL_Avian_0000146,Locustella ochotensis,species,北蝗鶯,Animalia,Chordata,Aves,Passeriformes,Locustellidae,Locustella, 
KL_Avian_0000147,Riparia chinensis,species,棕沙燕,Animalia,Chordata,Aves,Passeriformes,Hirundinidae,Riparia, 
KL_Avian_0000148,Riparia riparia,species,灰沙燕,Animalia,Chordata,Aves,Passeriformes,Hirundinidae,Riparia, 
KL_Avian_0000149,Hirundo rustica,species,家燕,Animalia,Chordata,Aves,Passeriformes,Hirundinidae,Hirundo, 
KL_Avian_0000150,Hirundo tahitica,species,洋燕,Animalia,Chordata,Aves,Passeriformes,Hirundinidae,Hirundo, 
KL_Avian_0000151,Cecropis daurica,species,金腰燕,Animalia,Chordata,Aves,Passeriformes,Hirundinidae,Cecropis, 
KL_Avian_0000152,Delichon dasypus,species,東方毛腳燕,Animalia,Chordata,Aves,Passeriformes,Hirundinidae,Delichon, 
KL_Avian_0000153,Pycnonotus sinensis,species,白頭翁,Animalia,Chordata,Aves,Passeriformes,Pycnonotidae,Pycnonotus, 
KL_Avian_0000154,Hypsipetes amaurotis,species,棕耳鵯,Animalia,Chordata,Aves,Passeriformes,Pycnonotidae,Hypsipetes, 
KL_Avian_0000155,Phylloscopus inornatus,species,黃眉柳鶯,Animalia,Chordata,Aves,Passeriformes,Phylloscopidae,Phylloscopus, 
KL_Avian_0000156,Phylloscopus proregulus,species,黃腰柳鶯,Animalia,Chordata,Aves,Passeriformes,Phylloscopidae,Phylloscopus, 
KL_Avian_0000157,Phylloscopus fuscatus,species,褐色柳鶯,Animalia,Chordata,Aves,Passeriformes,Phylloscopidae,Phylloscopus, 
KL_Avian_0000158,Phylloscopus ijimae,species,飯島柳鶯,Animalia,Chordata,Aves,Passeriformes,Phylloscopidae,Phylloscopus, 
KL_Avian_0000159,Phylloscopus tenellipes,species,淡腳柳鶯,Animalia,Chordata,Aves,Passeriformes,Phylloscopidae,Phylloscopus, 
KL_Avian_0000160,Phylloscopus,genus,極北柳鶯複合群,,,,,,, 
KL_Avian_0000161,Phylloscopus coronatus,species,冠羽柳鶯,Animalia,Chordata,Aves,Passeriformes,Phylloscopidae,Phylloscopus, 
KL_Avian_0000162,Phylloscopus,genus,冠紋柳鶯複合群,,,,,,, 
KL_Avian_0000163,Urosphena squameiceps,species,短尾鶯,Animalia,Chordata,Aves,Passeriformes,Cettiidae,Urosphena, 
KL_Avian_0000164,Horornis canturians,species,遠東樹鶯,Animalia,Chordata,Aves,Passeriformes,Cettiidae,Horornis, 
KL_Avian_0000165,Horornis,genus,短翅樹鶯複合群,,,,,,, 
KL_Avian_0000166,Zosterops simplex,species,斯氏繡眼,Animalia,Chordata,Aves,Passeriformes,Zosteropidae,Zosterops, 
KL_Avian_0000167,Zosterops japonicus,species,日菲繡眼,Animalia,Chordata,Aves,Passeriformes,Zosteropidae,Zosterops, 
KL_Avian_0000168,Sturnus vulgaris,species,歐洲椋鳥,Animalia,Chordata,Aves,Passeriformes,Sturnidae,Sturnus, 
KL_Avian_0000169,Agropsar philippensis,species,小椋鳥,Animalia,Chordata,Aves,Passeriformes,Sturnidae,Agropsar, 
KL_Avian_0000170,Sturnia sinensis,species,灰背椋鳥,Animalia,Chordata,Aves,Passeriformes,Sturnidae,Sturnia, 
KL_Avian_0000171,Spodiopsar sericeus,species,絲光椋鳥,Animalia,Chordata,Aves,Passeriformes,Sturnidae,Spodiopsar, 
KL_Avian_0000172,Spodiopsar cineraceus,species,灰椋鳥,Animalia,Chordata,Aves,Passeriformes,Sturnidae,Spodiopsar, 
KL_Avian_0000173,Acridotheres tristis,species,家八哥,Animalia,Chordata,Aves,Passeriformes,Sturnidae,Acridotheres, 
KL_Avian_0000174,Acridotheres javanicus,species,白尾八哥,Animalia,Chordata,Aves,Passeriformes,Sturnidae,Acridotheres, 
KL_Avian_0000175,Acridotheres cristatellus,species,八哥,Animalia,Chordata,Aves,Passeriformes,Sturnidae,Acridotheres, 
KL_Avian_0000176,Zoothera aurea,species,白氏地鶇,Animalia,Chordata,Aves,Passeriformes,Turdidae,Zoothera, 
KL_Avian_0000177,Turdus mandarinus,species,中國黑鶇,Animalia,Chordata,Aves,Passeriformes,Turdidae,Turdus, 
KL_Avian_0000178,Turdus cardis,species,烏灰鶇,Animalia,Chordata,Aves,Passeriformes,Turdidae,Turdus, 
KL_Avian_0000179,Turdus hortulorum,species,灰背鶇,Animalia,Chordata,Aves,Passeriformes,Turdidae,Turdus, 
KL_Avian_0000180,Turdus obscurus,species,白眉鶇,Animalia,Chordata,Aves,Passeriformes,Turdidae,Turdus, 
KL_Avian_0000181,Turdus chrysolaus,species,赤腹鶇,Animalia,Chordata,Aves,Passeriformes,Turdidae,Turdus, 
KL_Avian_0000182,Turdus pallidus,species,白腹鶇,Animalia,Chordata,Aves,Passeriformes,Turdidae,Turdus, 
KL_Avian_0000183,Turdus ruficollis,species,赤頸鶇,Animalia,Chordata,Aves,Passeriformes,Turdidae,Turdus, 
KL_Avian_0000184,Turdus eunomus,species,斑點鶇,Animalia,Chordata,Aves,Passeriformes,Turdidae,Turdus, 
KL_Avian_0000185,Muscicapa griseisticta,species,灰斑鶲,Animalia,Chordata,Aves,Passeriformes,Muscicapidae,Muscicapa, 
KL_Avian_0000186,Muscicapa sibirica,species,烏鶲,Animalia,Chordata,Aves,Passeriformes,Muscicapidae,Muscicapa, 
KL_Avian_0000187,Muscicapa ferruginea,species,紅尾鶲,Animalia,Chordata,Aves,Passeriformes,Muscicapidae,Muscicapa, 
KL_Avian_0000188,Muscicapa dauurica,species,寬嘴鶲,Animalia,Chordata,Aves,Passeriformes,Muscicapidae,Muscicapa, 
KL_Avian_0000189,Cyanoptila cyanomelana,species,白腹琉璃,Animalia,Chordata,Aves,Passeriformes,Muscicapidae,Cyanoptila, 
KL_Avian_0000190,Larvivora sibilans,species,紅尾歌鴝,Animalia,Chordata,Aves,Passeriformes,Muscicapidae,Larvivora, 
KL_Avian_0000191,Larvivora komadori,species,琉球歌鴝,Animalia,Chordata,Aves,Passeriformes,Muscicapidae,Erithacus, 
KL_Avian_0000192,Larvivora cyane,species,藍歌鴝,Animalia,Chordata,Aves,Passeriformes,Muscicapidae,Luscinia, 
KL_Avian_0000193,Luscinia svecica,species,藍喉鴝,Animalia,Chordata,Aves,Passeriformes,Muscicapidae,Luscinia, 
KL_Avian_0000194,Calliope calliope,species,野鴝,Animalia,Chordata,Aves,Passeriformes,Muscicapidae,Luscinia, 
KL_Avian_0000195,Tarsiger cyanurus,species,藍尾鴝,Animalia,Chordata,Aves,Passeriformes,Muscicapidae,Tarsiger, 
KL_Avian_0000196,Ficedula zanthopygia,species,白眉鶲,Animalia,Chordata,Aves,Passeriformes,Muscicapidae,Ficedula, 
KL_Avian_0000197,Ficedula narcissina,species,黃眉黃鶲,Animalia,Chordata,Aves,Passeriformes,Muscicapidae,Ficedula, 
KL_Avian_0000198,Ficedula mugimaki,species,白眉黃鶲,Animalia,Chordata,Aves,Passeriformes,Muscicapidae,Ficedula, 
KL_Avian_0000199,Ficedula albicilla,species,紅喉鶲,Animalia,Chordata,Aves,Passeriformes,Muscicapidae,Ficedula, 
KL_Avian_0000200,Ficedula parva,species,紅胸鶲,Animalia,Chordata,Aves,Passeriformes,Muscicapidae,Ficedula, 
KL_Avian_0000201,Phoenicurus fuliginosus,species,鉛色水鶇,Animalia,Chordata,Aves,Passeriformes,Muscicapidae,Phoenicurus, 
KL_Avian_0000202,Phoenicurus auroreus,species,黃尾鴝,Animalia,Chordata,Aves,Passeriformes,Muscicapidae,Phoenicurus, 
KL_Avian_0000203,Monticola solitarius,species,藍磯鶇,Animalia,Chordata,Aves,Passeriformes,Muscicapidae,Monticola, 
KL_Avian_0000204,Saxicola maurus,species,黑喉鴝,Animalia,Chordata,Aves,Passeriformes,Muscicapidae,Saxicola, 
KL_Avian_0000205,Lonchura punctulata,species,斑文鳥,Animalia,Chordata,Aves,Passeriformes,Estrildidae,Lonchura, 
KL_Avian_0000206,Passer montanus,species,麻雀,Animalia,Chordata,Aves,Passeriformes,Passeridae,Passer, 
KL_Avian_0000207,Motacilla cinerea,species,灰鶺鴒,Animalia,Chordata,Aves,Passeriformes,Motacillidae,Motacilla, 
KL_Avian_0000208,Motacilla tschutschensis,species,東方黃鶺鴒,Animalia,Chordata,Aves,Passeriformes,Motacillidae,Motacilla, 
KL_Avian_0000209,Motacilla grandis,species,日本鶺鴒,Animalia,Chordata,Aves,Passeriformes,Motacillidae,Motacilla, 
KL_Avian_0000210,Motacilla alba,species,白鶺鴒,Animalia,Chordata,Aves,Passeriformes,Motacillidae,Motacilla, 
KL_Avian_0000211,Anthus richardi,species,大花鷚,Animalia,Chordata,Aves,Passeriformes,Motacillidae,Anthus, 
KL_Avian_0000212,Anthus trivialis,species,林鷚,Animalia,Chordata,Aves,Passeriformes,Motacillidae,Anthus, 
KL_Avian_0000213,Anthus hodgsoni,species,樹鷚,Animalia,Chordata,Aves,Passeriformes,Motacillidae,Anthus, 
KL_Avian_0000214,Anthus gustavi,species,白背鷚,Animalia,Chordata,Aves,Passeriformes,Motacillidae,Anthus, 
KL_Avian_0000215,Anthus cervinus,species,赤喉鷚,Animalia,Chordata,Aves,Passeriformes,Motacillidae,Anthus, 
KL_Avian_0000216,Anthus spinoletta,species,水鷚,Animalia,Chordata,Aves,Passeriformes,Motacillidae,Anthus, 
KL_Avian_0000217,Anthus rubescens,species,黃腹鷚,Animalia,Chordata,Aves,Passeriformes,Motacillidae,Anthus, 
KL_Avian_0000218,Fringilla montifringilla,species,花雀,Animalia,Chordata,Aves,Passeriformes,Fringillidae,Fringilla, 
KL_Avian_0000219,Coccothraustes coccothraustes,species,臘嘴雀,Animalia,Chordata,Aves,Passeriformes,Fringillidae,Coccothraustes, 
KL_Avian_0000220,Eophona migratoria,species,小桑鳲,Animalia,Chordata,Aves,Passeriformes,Fringillidae,Eophona, 
KL_Avian_0000221,Carpodacus erythrinus,species,普通朱雀,Animalia,Chordata,Aves,Passeriformes,Fringillidae,Carpodacus, 
KL_Avian_0000222,Chloris sinica,species,金翅雀,,,,,,, 
KL_Avian_0000223,Spinus spinus,species,黃雀,Animalia,Chordata,Aves,Passeriformes,Fringillidae,Spinus, 
KL_Avian_0000224,Emberiza melanocephala,species,黑頭鵐,Animalia,Chordata,Aves,Passeriformes,Emberizidae,Emberiza, 
KL_Avian_0000225,Emberiza fucata,species,赤胸鵐,Animalia,Chordata,Aves,Passeriformes,Emberizidae,Emberiza, 
KL_Avian_0000226,Emberiza elegans,species,黃喉鵐,Animalia,Chordata,Aves,Passeriformes,Emberizidae,Emberiza, 
KL_Avian_0000227,Emberiza pallasi,species,葦鵐,Animalia,Chordata,Aves,Passeriformes,Emberizidae,Emberiza, 
KL_Avian_0000228,Emberiza schoeniclus,species,蘆鵐,Animalia,Chordata,Aves,Passeriformes,Emberizidae,Emberiza, 
KL_Avian_0000229,Emberiza aureola,species,金鵐,Animalia,Chordata,Aves,Passeriformes,Emberizidae,Emberiza, 
KL_Avian_0000230,Emberiza pusilla,species,小鵐,Animalia,Chordata,Aves,Passeriformes,Emberizidae,Emberiza, 
KL_Avian_0000231,Emberiza rustica,species,田鵐,Animalia,Chordata,Aves,Passeriformes,Emberizidae,Emberiza, 
KL_Avian_0000232,Emberiza sulphurata,species,野鵐,Animalia,Chordata,Aves,Passeriformes,Emberizidae,Emberiza, 
KL_Avian_0000233,Emberiza spodocephala,species,灰頭黑臉鵐,Animalia,Chordata,Aves,Passeriformes,Emberizidae,Emberiza, 
KL_Avian_0000234,Emberiza rutila,species,鏽鵐,Animalia,Chordata,Aves,Passeriformes,Emberizidae,Emberiza, 
KL_Avian_0000235,Emberiza chrysophrys,species,黃眉鵐,Animalia,Chordata,Aves,Passeriformes,Emberizidae,Emberiza, 
KL_Avian_0000236,Emberiza tristrami,species,白眉鵐,Animalia,Chordata,Aves,Passeriformes,Emberizidae,Emberiza, 
KL_Avian_0000237,Accipitridae,family,鷹科,Animalia,Chordata,Aves,Accipitriformes,Accipitridae,,
KL_Avian_0000238,Ardeidae,family,鷺科,Animalia,Chordata,Aves,Pelecaniformes,Ardeidae,,
KL_Avian_0000239,Sterninae,subfamily,燕鷗亞科,Animalia,Chordata,Aves,Charadriiformes,Laridae,,
KL_Avian_0000240,Procellariidae,family,鸌科,Animalia,Chordata,Aves,Procellariiformes,Procellariidae,,
KL_Avian_0000241,Motacilla,genus,鶺鴒屬,Animalia,Chordata,Aves,Passeriformes,Motacillidae,Motacilla,
KL_Avian_0000242,Passeriformes,order,雀形目,Animalia,Chordata,Aves,Passeriformes,,,
KL_Avian_0000243,Phylloscopus borealis,species,極北柳鶯,Animalia,Chordata,Aves,Passeriformes,Phylloscopidae,Phylloscopus,
KL_Avian_0000244,Phylloscopidae,family,柳鶯科,Animalia,Chordata,Aves,Passeriformes,Phylloscopidae,,
KL_Avian_0000245,Helopsaltes fasciolatus,species,蒼眉蝗鶯,Animalia,Chordata,Aves,Passeriformes,Locustellidae,,
KL_Avian_0000246,Apodidae,family,雨燕科,Animalia,Chordata,Aves,Apodiformes,Apodidae,,
KL_Avian_0000247,Fulica atra,species,白冠雞,Animalia,Chordata,Aves,Gruiformes,Rallidae,,
KL_Avian_0000248,Charadriidae,family,鴴科,Animalia,Chordata,Aves,Charadriiformes,Charadriidae,,
KL_Avian_0000249,Gallinago,genus,田鷸屬,Animalia,Chordata,Aves,Charadriiformes,Scolopacidae,Gallinago,
KL_Avian_0000250,Muscicapidae,family,鶲科,Animalia,Chordata,Aves,Passeriformes,Muscicapidae,,
KL_Avian_0000251,Phoebastria nigripes,species,黑腳信天翁,Animalia,Chordata,Aves,Procellariiformes,Diomedeidae,Phoebastria,
KL_Avian_0000252,Laniidae,family,伯勞科,Animalia,Chordata,Aves,Passeriformes,Laniidae,,
KL_Avian_0000253,Charadriiformes,order,鴴形目,Animalia,Chordata,Aves,Charadriiformes,,,
KL_Avian_0000255,Motacillidae,family,鶺鴒科,Animalia,Chordata,Aves,Passeriformes,Motacillidae,,
KL_Avian_0000256,Sula sula,species,紅腳鰹鳥,Animalia,Chordata,Aves,Suliformes,Sulidae,Sula,
KL_Avian_0000257,Stercorariidae,family,賊鷗科,Animalia,Chordata,Aves,Charadriiformes,,,
KL_Avian_0000258,Stercorarius pomarinus,species,中賊鷗,Animalia,Chordata,Aves,Charadriiformes,Stercorariidae,Stercorarius,
KL_Avian_0000259,Ardenna carneipes,species,肉足水薙鳥,Animalia,Chordata,Aves,Procellariiformes,Procellariidae,Ardenna,
KL_Avian_0000261,Accipiter gentilis,species,蒼鷹,Animalia,Chordata,Aves,Accipitriformes,Accipitridae,Accipiter,
KL_Avian_0000262,Horornis diphone,species,日本樹鶯,Animalia,Chordata,Aves,Passeriformes,Scotocercidae,Horornis,
KL_Avian_0000263,Agropsar sturninus,species,北椋鳥,Animalia,Chordata,Aves,Passeriformes,Sturnidae,Agropsar,
KL_Avian_0000264,Buteo hemilasius,species,大鵟,Animalia,Chordata,Aves,Accipitriformes,Accipitridae,Buteo,
KL_Avian_0000265,Aves,class,鳥綱,Animalia,Chordata,Aves,,,,
KL_Avian_0000266,Cuculidae,family,杜鵑科,Animalia,Chordata,Aves,Cuculiformes,,,
KL_Avian_0000267,Scolopacidae,family,鷸科,Animalia,Chordata,Aves,Charadriiformes,,,
KL_Avian_0000268,Vanellus cinereus,species,跳鴴,Animalia,Chordata,Aves,Charadriiformes,Charadriidae,Vanellus,
KL_Avian_0000269,Locustellidae,family,蝗鶯科,Animalia,Chordata,Aves,Passeriformes,Locustellidae,,
KL_Avian_0000270,Caprimulgidae,family,夜鷹科,Animalia,Chordata,Aves,Caprimulgiformes,,,
KL_Avian_0000271,Urile pelagicus,family,海鸕鷀,Animalia,Chordata,Aves,Suliformes,Phalacrocoracidae,Urile ,
KL_Avian_0000272,Motacilla citreola,species,黃頭鶺鴒,Animalia,Chordata,Aves,Passeriformes,Motacillidae,,
KL_Avian_0000273,Helopsaltes ochotensis,species,北蝗鶯,Animalia,Chordata,Aves,Passeriformes,Locustellidae,,
KL_Avian_0000274,Saxicola stejnegeri,species,黑喉鴝,Animalia,Chordata,Aves,Passeriformes,Muscicapidae,Saxicola,
KL_Avian_0000275,Phoenicurus ochruros,species,赭紅尾鴝,Animalia,Chordata,Aves,Passeriformes,Muscicapidae,Phoenicurus,
KL_Avian_0000276,Emberiza personata,species,黃喉黑臉鵐,Animalia,Chordata,Aves,Passeriformes,Emberizidae,Emberiza,
KL_Avian_0000278,Columbidae,family,鳩鴿科,Animalia,Chordata,Aves,Columbiformes,Columbidae,,
KL_Avian_0000279,Calidris subminuta,species,長趾濱鷸,Animalia,Chordata,Aves,Charadriiformes,Scolopacidae,Calidris,
KL_Avian_0000280,Phylloscopus,genus,柳鶯屬,Animalia,Chordata,Aves,Passeriformes,Phylloscopidae,Phylloscopus,
KL_Avian_0000281,Turdus,genus,鶇屬,Animalia,Chordata,Aves,Passeriformes,Turdidae,Turdus,
KL_Avian_0000282,Anthus,genus,鷚屬,Animalia,Chordata,Aves,Passeriformes,Motacillidae,Anthus,
KL_Avian_0000283,Strigidae,family,鴟鴞科,Animalia,Chordata,Aves,Passeriformes,Strigidae,,
KL_Avian_0000284,Asio,genus,耳鴞屬,Animalia,Chordata,Aves,Passeriformes,Strigidae,Asio,
KL_BenthicInvertebrate_0000001,Isognomon,genus,障泥蛤屬,,,,,,, 
KL_BenthicInvertebrate_0000002,Tridacna noae,species,諾亞硨磲蛤,Animalia,Mollusca,Bivalvia,Cardiida,Cardiidae,Tridacna, 
KL_BenthicInvertebrate_0000003,Tridacna crocea,species,圓硨磲,Animalia,Mollusca,Bivalvia,Cardiida,Cardiidae,Tridacna, 
KL_BenthicInvertebrate_0000004,Crassostrea angulata,species,葡萄牙牡蠣,Animalia,Mollusca,Bivalvia,Ostreida,Ostreidae,Crassostrea, 
KL_BenthicInvertebrate_0000005,Spondylidae,family,海菊蛤科,,,,,,, 
KL_BenthicInvertebrate_0000006,Aplysia argus,species,環眼海兔,Animalia,Mollusca,Gastropoda,Aplysiida,Aplysiidae,Aplysia, 
KL_BenthicInvertebrate_0000007,Aplysia oculifera,species,眼斑海兔,Animalia,Mollusca,Gastropoda,Aplysiida,Aplysiidae,Aplysia, 
KL_BenthicInvertebrate_0000008,Stylocheilus striatus,species,條紋柱唇海兔,Animalia,Mollusca,Gastropoda,Aplysiida,Aplysiidae,Stylocheilus, 
KL_BenthicInvertebrate_0000009,Phyllidiopsis xishaensis,species,縱紋葉海蛞蝓,Animalia,Mollusca,Gastropoda,Nudibranchia,Phyllidiidae,Phyllidiopsis, 
KL_BenthicInvertebrate_0000010,Phyllidia varicosa,species,葉海蛞蝓,Animalia,Mollusca,Gastropoda,Nudibranchia,Phyllidiidae,Phyllidia, 
KL_BenthicInvertebrate_0000011,Phyllidiella pustulosa,species,突丘葉海蛞蝓,Animalia,Mollusca,Gastropoda,Nudibranchia,Phyllidiidae,Phyllidiella, 
KL_BenthicInvertebrate_0000012,Hexabranchus sanguineus,species,血紅六鰓海蛞蝓,Animalia,Mollusca,Gastropoda,Nudibranchia,Hexabranchidae,Hexabranchus, 
KL_BenthicInvertebrate_0000013,Monetaria caputserpentis,species,雪山寶螺,Animalia,Mollusca,Gastropoda,Littorinimorpha,Cypraeidae,Monetaria,Cypraea caputserpentis
KL_BenthicInvertebrate_0000014,Cypraea arabica,species,阿拉伯寶螺,,,,,,, 
KL_BenthicInvertebrate_0000015,Cypraea tigris,species,黑星寶螺,Animalia,Mollusca,Gastropoda,Littorinimorpha,Cypraeidae,Cypraea, 
KL_BenthicInvertebrate_0000016,Purpura panama,species,羅螺,Animalia,Mollusca,Gastropoda,Neogastropoda,Muricidae,Purpura, 
KL_BenthicInvertebrate_0000017,Thais armigera,species,大岩螺,Animalia,Mollusca,Gastropoda,Neogastropoda,Muricidae,Mancinella, 
KL_BenthicInvertebrate_0000018,Thais clavigera,species,蚵岩螺,Animalia,Mollusca,Gastropoda,Neogastropoda,Muricidae,Reishia, 
KL_BenthicInvertebrate_0000019,Tenguella granulata,species,結螺,Animalia,Mollusca,Gastropoda,Neogastropoda,Muricidae,Tenguella, 
KL_BenthicInvertebrate_0000020,Mancinella aculeata,species,鐵斑岩螺,,,,,,, 
KL_BenthicInvertebrate_0000021,Cronia margariticola margariticola,subspecies,稜結螺,Animalia,Mollusca,Gastropoda,Neogastropoda,Muricidae,Drupella, 
KL_BenthicInvertebrate_0000022,Morula anaxares,species,白瘤結螺,Animalia,Mollusca,Gastropoda,Neogastropoda,Muricidae,Muricodrupa, 
KL_BenthicInvertebrate_0000023,Strigatella zebra,species,小焰筆螺,Animalia,Mollusca,Gastropoda,Neogastropoda,Mitridae,Strigatella, 
KL_BenthicInvertebrate_0000024,Nerita costata,species,黑肋蜑螺,Animalia,Mollusca,Gastropoda,Cycloneritida,Neritidae,Nerita, 
KL_BenthicInvertebrate_0000025,Nerita plicata,species,白肋蜑螺,Animalia,Mollusca,Gastropoda,Cycloneritida,Neritidae,Nerita, 
KL_BenthicInvertebrate_0000026,Nerita albicilla,species,漁舟蜑螺,Animalia,Mollusca,Gastropoda,Cycloneritida,Neritidae,Nerita, 
KL_BenthicInvertebrate_0000027,Trochus,genus,鐘螺屬,,,,,,, 
KL_BenthicInvertebrate_0000028,Trochus stellatus,species,血斑鐘螺,Animalia,Mollusca,Gastropoda,Trochida,Trochidae,Trochus, 
KL_BenthicInvertebrate_0000029,Nodilittorina pyramidalis,species,顆粒玉黍螺,Animalia,Mollusca,Gastropoda,Littorinimorpha,Littorinidae,Nodilittorina, 
KL_BenthicInvertebrate_0000030,Echinolittorina millegrana,species,台灣玉黍螺,Animalia,Mollusca,Gastropoda,Littorinimorpha,Littorinidae,Echinolittorina, 
KL_BenthicInvertebrate_0000031,Calpurnus verrucosus,species,玉兔螺,Animalia,Mollusca,Gastropoda,Littorinimorpha,Ovulidae,Calpurnus, 
KL_BenthicInvertebrate_0000032,Megabalanus,genus,巨藤壺屬,,,,,,, 
KL_BenthicInvertebrate_0000033,Palaemon pacificus,species,太平洋長臂蝦,Animalia,Arthropoda,Malacostraca,Decapoda,Palaemonidae,Palaemon, 
KL_BenthicInvertebrate_0000034,Coenobita rugosus,species,皺紋陸寄居蟹,Animalia,Arthropoda,Malacostraca,Decapoda,Coenobitidae,Coenobita, 
KL_BenthicInvertebrate_0000035,Calcinus elegans,species,秀麗硬殼寄居蟹,Animalia,Arthropoda,Malacostraca,Decapoda,Diogenidae,Calcinus, 
KL_BenthicInvertebrate_0000036,Grapsus tenuicrustatus,species,細紋方蟹,Animalia,Arthropoda,Malacostraca,Decapoda,Grapsidae,Grapsus, 
KL_BenthicInvertebrate_0000037,Grapsus albolineatus,species,白紋方蟹,Animalia,Arthropoda,Malacostraca,Decapoda,Grapsidae,Grapsus, 
KL_BenthicInvertebrate_0000038,Geograpsus crinipes,species,毛足陸方蟹,Animalia,Arthropoda,Malacostraca,Decapoda,Grapsidae,Geograpsus, 
KL_BenthicInvertebrate_0000039,Epixanthus frontalis,species,平額石扇蟹,Animalia,Arthropoda,Malacostraca,Decapoda,Oziidae,Epixanthus, 
KL_BenthicInvertebrate_0000040,Metopograpsus thukuhar,species,方形大額蟹,Animalia,Arthropoda,Malacostraca,Decapoda,Grapsidae,Metopograpsus, 
KL_BenthicInvertebrate_0000041,Pachygrapsus minutus,species,小厚紋蟹,Animalia,Arthropoda,Malacostraca,Decapoda,Grapsidae,Pachygrapsus, 
KL_BenthicInvertebrate_0000042,Cyclograpsus integer,species,整潔圓方蟹,Animalia,Arthropoda,Malacostraca,Decapoda,Varunidae,Cyclograpsus, 
KL_BenthicInvertebrate_0000043,Cyclograpsus intermedius,species,中型圓方蟹,Animalia,Arthropoda,Malacostraca,Decapoda,Varunidae,Cyclograpsus, 
KL_BenthicInvertebrate_0000044,Plagusia squamosa,species,鱗形斜紋蟹,Animalia,Arthropoda,Malacostraca,Decapoda,Plagusiidae,Plagusia, 
KL_BenthicInvertebrate_0000045,Pachygrapsus plicatus,species,褶痕厚紋蟹,Animalia,Arthropoda,Malacostraca,Decapoda,Grapsidae,Pachygrapsus, 
KL_BenthicInvertebrate_0000046,Percnon planissimum,species,裸掌盾牌蟹,Animalia,Arthropoda,Malacostraca,Decapoda,Percnidae,Percnon, 
KL_BenthicInvertebrate_0000047,Eriphia ferox,species,兇猛酋婦蟹,Animalia,Arthropoda,Malacostraca,Decapoda,Eriphiidae,Eriphia, 
KL_BenthicInvertebrate_0000048,Eriphia sebana,species,光手酋婦蟹,Animalia,Arthropoda,Malacostraca,Decapoda,Eriphiidae,Eriphia, 
KL_BenthicInvertebrate_0000049,Calcinus laevimanus,species,光掌硬殼寄居蟹,Animalia,Arthropoda,Malacostraca,Decapoda,Diogenidae,Calcinus, 
KL_BenthicInvertebrate_0000050,Dardanus guttatus,species,線斑真寄居蟹,Animalia,Arthropoda,Malacostraca,Decapoda,Diogenidae,Dardanus, 
KL_BenthicInvertebrate_0000051,Calcinus latens,species,隱伏硬殼寄居蟹,Animalia,Arthropoda,Malacostraca,Decapoda,Diogenidae,Calcinus, 
KL_BenthicInvertebrate_0000052,Clibanarius englaucus,species,藍趾細螯寄居蟹,Animalia,Arthropoda,Malacostraca,Decapoda,Diogenidae,Clibanarius, 
KL_BenthicInvertebrate_0000053,Panulirus japonicus,species,日本龍蝦,Animalia,Arthropoda,Malacostraca,Decapoda,Palinuridae,Panulirus, 
KL_BenthicInvertebrate_0000055,Percnon sinense,species,中華盾牌蟹,Animalia,Arthropoda,Malacostraca,Decapoda,Percnidae,Percnon, 
KL_BenthicInvertebrate_0000056,Plagusia immaculata,species,無斑斜紋蟹,Animalia,Arthropoda,Malacostraca,Decapoda,Plagusiidae,Plagusia, 
KL_BenthicInvertebrate_0000057,Plagusia tuberculata,species,瘤突斜紋蟹,Animalia,Arthropoda,Malacostraca,Decapoda,Plagusiidae,Plagusia, 
KL_BenthicInvertebrate_0000058,Petrolisthes hastatus,species,矛形岩瓷蟹,Animalia,Arthropoda,Malacostraca,Decapoda,Porcellanidae,Petrolisthes, 
KL_BenthicInvertebrate_0000059,Leptodius sanguineus,species,肉球皺蟹,Animalia,Arthropoda,Malacostraca,Decapoda,Xanthidae,Leptodius, 
KL_BenthicInvertebrate_0000060,Leptodius gracilis,species,細巧皺蟹,Animalia,Arthropoda,Malacostraca,Decapoda,Xanthidae,Leptodius, 
KL_BenthicInvertebrate_0000061,Euxanthus exsculptus,species,雕刻真扇蟹,Animalia,Arthropoda,Malacostraca,Decapoda,Xanthidae,Euxanthus, 
KL_BenthicInvertebrate_0000062,Pseudozius caystrus,species,礁石假團扇蟹,Animalia,Arthropoda,Malacostraca,Decapoda,Pseudoziidae,Pseudozius, 
KL_BenthicInvertebrate_0000063,Lachnopodus rodgersi,species,羅氏毛足蟹,Animalia,Arthropoda,Malacostraca,Decapoda,Xanthidae,Lachnopodus, 
KL_BenthicInvertebrate_0000064,Ozius tuberculosus,species,疣粒團扇蟹,Animalia,Arthropoda,Malacostraca,Decapoda,Oziidae,Ozius, 
KL_BenthicInvertebrate_0000065,Epigrapsus notatus,species,橙螯隱蟹,Animalia,Arthropoda,Malacostraca,Decapoda,Gecarcinidae,Epigrapsus, 
KL_BenthicInvertebrate_0000066,Gecarcoidea lalandii,species,紫地蟹,Animalia,Arthropoda,Malacostraca,Decapoda,Gecarcinidae,Gecarcoidea, 
KL_BenthicInvertebrate_0000067,Metasesarma obesum,species,肥胖後相手蟹,Animalia,Arthropoda,Malacostraca,Decapoda,Sesarmidae,Metasesarma, 
KL_BenthicInvertebrate_0000068,Parasesarma pictum,species,斑點擬相手蟹,Animalia,Arthropoda,Malacostraca,Decapoda,Sesarmidae,Parasesarma, 
KL_BenthicInvertebrate_0000069,Ligia,genus,海蟑螂屬,,,,,,, 
KL_BenthicInvertebrate_0000070,Anthopleura dixoniana,species,狄氏襟疣海葵,Animalia,Cnidaria,Anthozoa,Actiniaria,Actiniidae,Anthopleura, 
KL_BenthicInvertebrate_0000071,Acropora,genus,軸孔珊瑚屬,,,,,,, 
KL_BenthicInvertebrate_0000072,Montipora,genus,表孔珊瑚屬,,,,,,, 
KL_BenthicInvertebrate_0000073,Palythoa mutuki,species,沙群海葵,Animalia,Cnidaria,Anthozoa,Zoantharia,Sphenopidae,Palythoa, 
KL_BenthicInvertebrate_0000074,Lobophytum crassum,species,隔板葉形軟珊瑚,Animalia,Cnidaria,Anthozoa,Malacalcyonacea,Sarcophytidae,Lobophytum, 
KL_BenthicInvertebrate_0000075,Diadema savignyi,species,沙氏冠海膽,Animalia,Echinodermata,Echinoidea,Diadematoida,Diadematidae,Diadema, 
KL_BenthicInvertebrate_0000076,Diadema setosum,species,刺冠海膽,Animalia,Echinodermata,Echinoidea,Diadematoida,Diadematidae,Diadema, 
KL_BenthicInvertebrate_0000077,Echinometra mathaei,species,梅氏長海膽,Animalia,Echinodermata,Echinoidea,Camarodonta,Echinometridae,Echinometra, 
KL_BenthicInvertebrate_0000078,Colobocentrotus mertensii,species,默氏笠海膽,Animalia,Echinodermata,Echinoidea,Camarodonta,Echinometridae,Colobocentrotus, 
KL_BenthicInvertebrate_0000079,Stomopneustes variolaris,species,口鰓海膽,Animalia,Echinodermata,Echinoidea,Stomopneustoida,Stomopneustidae,Stomopneustes, 
KL_BenthicInvertebrate_0000080,Tripneustes gratilla,species,白棘三列海膽,Animalia,Echinodermata,Echinoidea,Camarodonta,Toxopneustidae,Tripneustes, 
KL_BenthicInvertebrate_0000081,Holothuria atra,species,黑海參,Animalia,Echinodermata,Holothuroidea,Holothuriida,Holothuriidae,Holothuria, 
KL_BenthicInvertebrate_0000082,Holothuria cinerascens,species,黑赤星海參,Animalia,Echinodermata,Holothuroidea,Holothuriida,Holothuriidae,Holothuria, 
KL_BenthicInvertebrate_0000083,Holothuria leucospilota,species,蕩皮參,Animalia,Echinodermata,Holothuroidea,Holothuriida,Holothuriidae,Holothuria, 
KL_BenthicInvertebrate_0000084,Actinopyga echinites,species,棘輻肛參,Animalia,Echinodermata,Holothuroidea,Holothuriida,Holothuriidae,Actinopyga, 
KL_BenthicInvertebrate_0000085,Actinopyga mauritiana,species,白底輻肛參,Animalia,Echinodermata,Holothuroidea,Holothuriida,Holothuriidae,Actinopyga, 
KL_BenthicInvertebrate_0000086,Culcita novaeguineae,species,麵包海星,Animalia,Echinodermata,Asteroidea,Valvatida,Oreasteridae,Culcita, 
KL_BenthicInvertebrate_0000087,Echinaster luzonicus,species,呂宋棘海星,Animalia,Echinodermata,Asteroidea,Spinulosida,Echinasteridae,Echinaster, 
KL_BenthicInvertebrate_0000088,Linckia laevigata,species,藍指海星,Animalia,Echinodermata,Asteroidea,Valvatida,Ophidiasteridae,Linckia, 
KL_BenthicInvertebrate_0000089,Ophiocoma,genus,櫛蛇尾屬,,,,,,, 
KL_BenthicInvertebrate_0000090,Comanthina schlegeli,species,許氏大羽花,Animalia,Echinodermata,Crinoidea,Comatulida,Comatulidae,Comaster, 
KL_BenthicInvertebrate_0000091,Spirobranchus giganteus,species,大旋鰓蟲,Animalia,Annelida,Polychaeta,Sabellida,Serpulidae,Spirobranchus, 
KL_BenthicInvertebrate_0000092,Styelidae,family,柄海鞘科,,,,,,, 
KL_BenthicInvertebrate_0000093,Octopus cyanea,species,藍蛸,Animalia,Mollusca,Cephalopoda,Octopoda,Octopodidae,Octopus, 
KL_BenthicInvertebrate_0000095,Conidae,family,,Animalia,Mollusca,Gastropoda,Neogastropoda,Conidae,,
KL_BenthicInvertebrate_0000096,Muricidae,family,,Animalia,Mollusca,Gastropoda,Neogastropoda,Muricidae,,
KL_BenthicInvertebrate_0000097,Eriphia,genus,,Animalia,Arthropoda,Malacostraca,Decapoda,Eriphiidae,Eriphia,
KL_BenthicInvertebrate_0000098,Grapsus,genus,,Animalia,Arthropoda,Malacostraca,Decapoda,Grapsidae,Grapsus,
KL_BenthicInvertebrate_0000099,Leptodius,genus,,Animalia,Arthropoda,Malacostraca,Decapoda,Xanthidae,Leptodius,
KL_BenthicInvertebrate_0000100,Ostreidae,family,,Animalia,Mollusca,Bivalvia,Ostreida,Ostreidae,,
KL_BenthicInvertebrate_0000101,Tetraclita,genus,笠藤壺,,,,,,,
KL_BenthicInvertebrate_0000102,Purpura persica,species,桃羅螺,,,,,,,
KL_BenthicInvertebrate_0000103,Ligia exotica,species,奇異海蟑螂,,,,,,,
KL_BenthicInvertebrate_0000104,Tetraclita kuroshioensis,species,黑潮笠藤壺,,,,,,,
KL_BenthicInvertebrate_0000105,Tetraclita japonica formosana,subspecies,美麗笠藤壺,Animalia,Arthropoda,Thecostraca,Balanomorpha,Tetraclitidae,Tetraclita,
KL_BenthicInvertebrate_0000106,Cellana toreuma,species,花笠螺,Animalia,Mollusca,Gastropoda,Patellogastropoda ordo incertae sedis,Patellidae,Cellana,
KL_BenthicInvertebrate_0000107,Echinolittorina malaccana,species,顆粒玉黍螺,Animalia,Mollusca,Gastropoda,Mesogastropoda,Littorinidae,Echinolittorina,
KL_BenthicInvertebrate_0000108,Littoraria undulata,species,波紋玉黍螺,,,,,,,
KL_BenthicInvertebrate_0000110,Phyllidia exquisita,species,優美葉海蛞蝓,,,,,,,
KL_BenthicInvertebrate_0000111,Echinothrix calamaris,species,環刺棘海膽,,,,,,,
KL_BenthicInvertebrate_0000112,Holothuria nobilis,species,黑乳參,,,,,,,
KL_BenthicInvertebrate_0000113,Anthocidaris crassispina,species,紫海膽,,,,,,,
KL_BenthicInvertebrate_0000114,Afrocucumis africana,species,非洲異瓜參,,,,,,,
KL_BenthicInvertebrate_0000115,Colochirus robustus,species,強壯翼手參,,,,,,,
KL_BenthicInvertebrate_0000116,Linckia guildingi,species,蓋丁指海星,,,,,,,
KL_BenthicInvertebrate_0000117,Tritoniopsis elegans,species,華麗崔坦海蛞蝓,,,,,,,
KL_BenthicInvertebrate_0000118,Bornella stellifer,species,星斑二列鰓海蛞蝓,,,,,,,
KL_BenthicInvertebrate_0000119,Halgerda willeyi,species,威利瘤背海蛞蝓,,,,,,,
KL_BenthicInvertebrate_0000120,Ovula ovum,species,海兔螺,,,,,,,
KL_BenthicInvertebrate_0000121,Goniobranchus rufomaculatus,species,橘點多彩海蛞蝓,,,,,,,
KL_BenthicInvertebrate_0000122,Anthopleura,genus,襟疣海葵屬,,,,,,,
KL_BenthicInvertebrate_0000123,Ulva,genus,石蓴屬,,,,,,,
KL_BenthicInvertebrate_0000124,Zoanthus,genus,菟葵屬,,,,,,,
KL_BenthicInvertebrate_0000125,Echinostrephus aciculatus,species,白尖紫叢海膽,,,,,,,
KL_BenthicInvertebrate_0000126,Gymnothorax pictus,species,細點裸胸鯙,,,,,,,
KL_BenthicInvertebrate_0000127,Cocos frillgoby,species,椰子深鰕虎,,,,,,,
KL_BenthicInvertebrate_0000128,Monetaria moneta,species,黃寶螺,,,,,,,
KL_BenthicInvertebrate_0000129,Chelidonura amoena,species,迷人燕尾海蛞蝓,,,,,,,
KL_BenthicInvertebrate_0000130,Pleuroploca trapezium,species,角赤旋螺,,,,,,,
KL_BenthicInvertebrate_0000131,Elysia marginata,species,緣邊平鰓海天牛,,,,,,,
KL_BenthicInvertebrate_0000132,Pocillopora verrucosa,species,疣鹿角珊瑚,,,,,,,
KL_BenthicInvertebrate_0000133,Stylophora pistillata,species,萼形柱珊瑚,,,,,,,
KL_BenthicInvertebrate_0000134,Acropora bushyensis,species,叢狀軸孔珊瑚,,,,,,,
KL_BenthicInvertebrate_0000135,Acropora latistella,species,盤枝軸孔珊瑚,,,,,,,
KL_BenthicInvertebrate_0000136,Acropora valenciennesi,species,華倫軸孔珊瑚,,,,,,,
KL_BenthicInvertebrate_0000137,Acropora digitifera,species,指形軸孔珊瑚,,,,,,,
KL_BenthicInvertebrate_0000138,Acropora hyacinthus,species,桌型軸孔珊瑚,,,,,,,
KL_BenthicInvertebrate_0000139,Acropora glauca,species,板葉軸孔珊瑚,,,,,,,
KL_BenthicInvertebrate_0000140,Acropora solitaryensis,species,單獨軸孔珊瑚,,,,,,,
KL_BenthicInvertebrate_0000141,Acropora tenuis,species,柔枝軸孔珊瑚,,,,,,,
KL_BenthicInvertebrate_0000142,Isopora palifera,species,籬枝同孔珊瑚,,,,,,,
KL_BenthicInvertebrate_0000143,Montipora informis,species,變形表孔珊瑚,,,,,,,
KL_BenthicInvertebrate_0000144,Montipora verrucosa,species,疣突表孔珊瑚,,,,,,,
KL_BenthicInvertebrate_0000145,Goniopora lobata,species,團塊管孔珊瑚,,,,,,,
KL_BenthicInvertebrate_0000146,Porites lichen,species,地衣微孔珊瑚,,,,,,,
KL_BenthicInvertebrate_0000147,Acanthastrea echinata,species,大棘星珊瑚,,,,,,,
KL_BenthicInvertebrate_0000148,Lobophyllia agaricia,species,蓮形合葉珊瑚,,,,,,,
KL_BenthicInvertebrate_0000149,Lobophyllia radians,species,輻紋瓣葉珊瑚,,,,,,,
KL_BenthicInvertebrate_0000150,Dipsastraea pallida,species,圈紋菊珊瑚,,,,,,,
KL_BenthicInvertebrate_0000151,Dipsastraea speciosa,species,環菊珊瑚,,,,,,,
KL_BenthicInvertebrate_0000152,Favites abdita,species,隱藏角菊珊瑚,,,,,,,
KL_BenthicInvertebrate_0000153,Favites flexuosa,species,柔角菊珊瑚,,,,,,,
KL_BenthicInvertebrate_0000154,Favites chinensis,species,中國角菊珊瑚,,,,,,,
KL_BenthicInvertebrate_0000155,Favites valenciennesii,species,華倫圓菊珊瑚,,,,,,,
KL_BenthicInvertebrate_0000156,Goniastrea edwardsi,species,艾氏角星珊瑚,,,,,,,
KL_BenthicInvertebrate_0000157,Goniastrea pectinata,species,翼形角星珊瑚,,,,,,,
KL_BenthicInvertebrate_0000158,Merulina ampliata,species,片形繩紋珊瑚,,,,,,,
KL_BenthicInvertebrate_0000159,Platygyra pini,species,小腦紋珊瑚,,,,,,,
KL_BenthicInvertebrate_0000160,Platygyra ryukyuensis,species,琉球腦紋珊瑚,,,,,,,
KL_BenthicInvertebrate_0000161,Tubastraea,genus,管星珊瑚屬,,,,,,,
KL_BenthicInvertebrate_0000162,Tubipora musica,species,笙珊瑚,,,,,,,
KL_BenthicInvertebrate_0000163,Lobophytum,genus,肉質葉形軟珊瑚,,,,,,,
KL_BenthicInvertebrate_0000164,Sarcophyton,genus,肉質軟珊瑚,,,,,,,
KL_BenthicInvertebrate_0000165,Sinularia,genus,指形軟珊瑚,,,,,,,
KL_BenthicInvertebrate_0000166,Actinia equina,species,等指海葵,,,,,,,
KL_BenthicInvertebrate_0000167,Anemonia erythraea,species,紅海葵,,,,,,,
KL_BenthicInvertebrate_0000168,Anthopleura buddemeieri,species,布氏襟疣海葵,,,,,,,
KL_BenthicInvertebrate_0000169,Capitulum mitella,species,龜足,,,,,,,
KL_Cetacean_0000001,Tursiops,genus,寬吻海豚屬,Animalia,Chordata,Mammalia,Cetacea,Delphinidae,Tursiops, 
KL_Cetacean_0000002,Tursiops truncatus,species,真瓶鼻海豚,Animalia,Chordata,Mammalia,Cetacea,Delphinidae,Tursiops, 
KL_Cetacean_0000003,Delphinus,genus,真海豚屬,Animalia,Chordata,Mammalia,Cetacea,Delphinidae,Delphinus, 
KL_Cetacean_0000004,Delphinus capensis,species,長吻真海豚,Animalia,Chordata,Mammalia,Cetacea,Delphinidae,Delphinus, 
KL_Cetacean_0000005,Pseudorca crassidens,species,偽虎鯨,Animalia,Chordata,Mammalia,Cetacea,Delphinidae,Pseudorca, 
KL_Cetacean_0000006,Cetacea,infraorder,未知鯨豚,Animalia,Chordata,Mammalia,Cetacea,,,
KL_Cetacean_0000007,Delphinidae,family,海豚科,Animalia,Chordata,Mammalia,Cetacea,Delphinidae,,
KL_Cetacean_0000008,Tursiops aduncus,species,印太瓶鼻海豚,Animalia,Chordata,Mammalia,Cetacea,Delphinidae,Tursiops,
KL_Fish_0000001,Manta birostris,species,雙吻前口蝠鱝,Animalia,Chordata,Elasmobranchii,Myliobatiformes,Myliobatidae,Mobula, 
KL_Fish_0000002,Taeniura meyeni,species,邁氏擬條尾魟,Animalia,Chordata,Elasmobranchii,Myliobatiformes,Dasyatidae,Taeniurops, 
KL_Fish_0000003,Tylosurus,genus,圓頜針魚屬,Animalia,Chordata,Teleostei,Beloniformes,Belonidae,Tylosurus , 
KL_Fish_0000004,Ablennes hians,species,扁鶴鱵,,,,,,, 
KL_Fish_0000005,Tylosurus crocodilus,species,鱷型叉尾鶴鱵,,,,,,, 
KL_Fish_0000006,Echidna nebulosa,species,星帶蝮鯙,,,,,,, 
KL_Fish_0000007,Gymnothorax,genus,裸胸鯙屬,,,,,,,
KL_Fish_0000008,Aulostomus chinensis,species,中華管口魚,,,,,,, 
KL_Fish_0000009,Abudefduf bengalensis,species,孟加拉豆娘魚,,,,,,, 
KL_Fish_0000010,Abudefduf sexfasciatus,species,六線豆娘魚,,,,,,, 
KL_Fish_0000011,Abudefduf septemfasciatus,species,七帶豆娘魚,,,,,,, 
KL_Fish_0000012,Abudefduf sordidus,species,梭地豆娘魚,,,,,,, 
KL_Fish_0000013,Abudefduf notatus,species,黃尾豆娘魚,,,,,,, 
KL_Fish_0000014,Abudefduf vaigiensis,species,條紋豆娘魚,,,,,,, 
KL_Fish_0000015,Amphiprion clarkii,species,克氏海葵魚,,,,,,, 
KL_Fish_0000017,Chromis ternatensis,species,三葉光鰓雀鯛,,,,,,, 
KL_Fish_0000018,Chromis analis,species,長臀光鰓雀鯛,,,,,,, 
KL_Fish_0000019,Chromis albicauda,species,白尾光鰓雀鯛,,,,,,, 
KL_Fish_0000020,Chrysiptera brownriggii,species,勃氏刻齒雀鯛,,,,,,, 
KL_Fish_0000021,Chromis margaritifer,species,雙斑光鰓雀鯛,,,,,,, 
KL_Fish_0000022,Chromis notata,species,斑鰭光鰓雀鯛,,,,,,, 
KL_Fish_0000023,Chromis weberi,species,魏氏光鰓雀鯛,,,,,,, 
KL_Fish_0000024,Chrysiptera biocellata,species,雙斑刻齒雀鯛,,,,,,, 
KL_Fish_0000025,Chrysiptera unimaculata,species,無斑刻齒雀鯛,,,,,,, 
KL_Fish_0000026,Chrysiptera tricincta,species,三斑刻齒雀鯛,,,,,,, 
KL_Fish_0000027,Chrysiptera starcki,species,史氏刻齒雀鯛,,,,,,, 
KL_Fish_0000028,Dascyllus trimaculatus,species,三斑圓雀鯛,,,,,,, 
KL_Fish_0000029,Plectroglyphidodon leucozonus,species,白帶固曲齒鯛,,,,,,, 
KL_Fish_0000030,Plectroglyphidodon dickii,species,迪克氏固曲齒鯛,,,,,,, 
KL_Fish_0000031,Pomacentrus bankanensis,species,班卡雀鯛,,,,,,, 
KL_Fish_0000032,Pomacentrus coelestis,species,霓虹雀鯛,,,,,,, 
KL_Fish_0000033,Stegastes altus,species,背斑高身雀鯛,,,,,,, 
KL_Fish_0000034,Stegastes obreptus,species,斑棘高身雀鯛,,,,,,, 
KL_Fish_0000035,Plectroglyphidodon fasciolatus,species,藍紋高身雀鯛,,,,,,,Stegastes fasciolatus
KL_Fish_0000036,Stegastes nigricans,species,黑高身雀鯛,,,,,,, 
KL_Fish_0000037,Cirripectes castaneus,species,頰紋頸鬚鳚,,,,,,, 
KL_Fish_0000038,Istiblennius dussumieri,species,杜氏蛙䲁,,,,,,, 
KL_Fish_0000039,Entomacrodus striatus,species,橫帶間頸鬚䲁,,,,,,, 
KL_Fish_0000040,Plagiotremus tapeinosoma,species,黑帶橫口鳚,,,,,,, 
KL_Fish_0000041,Paracirrhites forsteri,species,福氏副䱵,,,,,,, 
KL_Fish_0000042,Cirrhitus pinnulatus,species,翼䱵,,,,,,, 
KL_Fish_0000043,Fistularia commersonii,species,康氏馬鞭魚,,,,,,, 
KL_Fish_0000044,Anampses caeruleopunctatus,species,青斑阿南魚,,,,,,, 
KL_Fish_0000045,Bodianus diana,species,對斑狐鯛,,,,,,, 
KL_Fish_0000046,Cheilinus chlorourus,species,綠尾唇魚,,,,,,, 
KL_Fish_0000047,Calotomus japonicus,species,日本櫻鯉,,,,,,, 
KL_Fish_0000048,Cheilio inermis,species,管唇魚,,,,,,, 
KL_Fish_0000050,Chlorurus sordidus,species,藍頭綠鸚哥魚,,,,,,, 
KL_Fish_0000051,Coris caudimacula,species,尾斑盔魚,,,,,,, 
KL_Fish_0000052,Coris dorsomacula,species,背斑盔魚,,,,,,, 
KL_Fish_0000053,Coris gaimard,species,蓋馬氏盔魚,,,,,,, 
KL_Fish_0000054,Coris aygula,species,紅喉盔魚,,,,,,, 
KL_Fish_0000055,Cirrhilabrus cyanopleura,species,藍身絲鰭鯛,,,,,,, 
KL_Fish_0000056,Gomphosus varius,species,雜色尖嘴魚,,,,,,, 
KL_Fish_0000057,Halichoeres argus,species,大眼海豬魚,,,,,,, 
KL_Fish_0000058,Halichoeres biocellatus,species,雙斑海豬魚,,,,,,, 
KL_Fish_0000059,Halichoeres hortulanus,species,雲斑海豬魚,,,,,,, 
KL_Fish_0000060,Halichoeres,genus,海豬魚屬,Animalia,Chordata,Teleostei,Eupercaria incertae sedis,Labridae,Halichoeres, 
KL_Fish_0000061,Halichoeres trimaculatus,species,三斑海豬魚,,,,,,, 
KL_Fish_0000062,Halichoeres melanochir,species,黑腕海豬魚,,,,,,, 
KL_Fish_0000063,Halichoeres marginatus,species,緣鰭海豬魚,,,,,,, 
KL_Fish_0000064,Halichoeres nebulosus,species,雲紋海豬魚,,,,,,, 
KL_Fish_0000065,Labrichthys unilineatus,species,單線突唇魚,,,,,,, 
KL_Fish_0000066,Labroides dimidiatus,species,裂唇魚,,,,,,, 
KL_Fish_0000067,Macropharyngodon meleagris,species,珠斑大咽齒鯛,,,,,,, 
KL_Fish_0000068,Stethojulis bandanensis,species,黑星紫胸魚,,,,,,, 
KL_Fish_0000069,Scarus ghobban,species,藍點鸚哥魚,,,,,,, 
KL_Fish_0000070,Scarus niger,species,黑鸚哥魚,,,,,,, 
KL_Fish_0000071,Scarus rubroviolaceus,species,紅紫鸚哥魚,,,,,,, 
KL_Fish_0000072,Scarus,genus,鸚哥魚屬,Animalia,Chordata,Teleostei,Eupercaria incertae sedis,Scaridae,Scarus, 
KL_Fish_0000073,Stethojulis strigiventer,species,紅紋紫胸魚,,,,,,, 
KL_Fish_0000074,Stethojulis terina,species,斷紋紫胸魚,,,,,,, 
KL_Fish_0000075,Thalassoma amblycephalum,species,鈍頭錦魚,,,,,,, 
KL_Fish_0000076,Thalassoma lunare,species,新月錦魚,,,,,,, 
KL_Fish_0000077,Thalassoma trilobatum,species,三葉錦魚,,,,,,, 
KL_Fish_0000078,Thalassoma hardwicke,species,哈氏錦魚,,,,,,, 
KL_Fish_0000079,Thalassoma jansenii,species,詹氏錦魚,,,,,,, 
KL_Fish_0000080,Ostracion meleagris,species,米點箱魨,,,,,,,
KL_Fish_0000081,Thalassoma cupido,species,環帶錦魚,,,,,,, 
KL_Fish_0000082,Thalassoma lutescens,species,胸斑錦魚/黃衣錦魚,,,,,,, 
KL_Fish_0000083,Thalassoma purpureum,species,紫錦魚,,,,,,, 
KL_Fish_0000084,Oxycheilinus unifasciatus,species,單帶尖唇魚,,,,,,, 
KL_Fish_0000085,Oxycheilinus bimaculatus,species,雙斑尖唇魚,,,,,,, 
KL_Fish_0000086,Pteragogus enneacanthus,species,九棘長鰭鸚鯛,,,,,,, 
KL_Fish_0000087,Pseudolabrus sieboldi,species,西氏擬隆頭魚,,,,,,, 
KL_Fish_0000088,Pseudolabrus eoethinus,species,紅頸擬隆頭魚,,,,,,, 
KL_Fish_0000089,Thalassoma,genus,錦魚屬,,,,,,, 
KL_Fish_0000090,Lutjanus stellatus,species,白星笛鯛,,,,,,, 
KL_Fish_0000091,Oplegnathus punctatus,species,斑石鯛,,,,,,, 
KL_Fish_0000092,Oplegnathus fasciatus,species,條石鯛,,,,,,, 
KL_Fish_0000093,Acanthurus dussumieri,species,杜氏刺尾鯛,,,,,,, 
KL_Fish_0000094,Acanthurus lineatus,species,線紋刺尾鯛,,,,,,, 
KL_Fish_0000095,Acanthurus olivaceus,species,一字刺尾鯛,,,,,,, 
KL_Fish_0000096,Acanthurus nigrofuscus,species,褐斑刺尾鯛,,,,,,, 
KL_Fish_0000097,Acanthurus triostegus,species,綠刺尾鯛,,,,,,, 
KL_Fish_0000098,Acanthurus thompsoni,species,黃尾刺尾鯛,,,,,,, 
KL_Fish_0000099,Acanthurus xanthopterus,species,黃鰭刺尾鯛,,,,,,, 
KL_Fish_0000100,Ctenochaetus striatus,species,漣紋櫛齒刺尾鯛,,,,,,, 
KL_Fish_0000101,Naso annulatus,species,環紋鼻魚,,,,,,, 
KL_Fish_0000102,Naso brevirostris,species,短吻鼻魚,,,,,,, 
KL_Fish_0000103,Naso hexacanthus,species,六棘鼻魚,,,,,,, 
KL_Fish_0000104,Naso lituratus,species,黑背鼻魚,,,,,,, 
KL_Fish_0000105,Prionurus scalprum,species,鋸尾鯛,,,,,,, 
KL_Fish_0000106,Zebrasoma velifer,species,橫帶高鰭刺尾鯛,,,,,,, 
KL_Fish_0000107,Zebrasoma scopas,species,小高鰭刺尾鯛,,,,,,, 
KL_Fish_0000108,Chaetodon ephippium,species,鞍斑蝴蝶魚,,,,,,, 
KL_Fish_0000109,Chaetodon lunula,species,月斑蝴蝶魚,,,,,,, 
KL_Fish_0000110,Chaetodon auripes,species,耳帶蝴蝶魚,,,,,,, 
KL_Fish_0000111,Chaetodon auriga,species,揚旛蝴蝶魚,,,,,,, 
KL_Fish_0000112,Chaetodon nippon,species,日本蝴蝶魚,,,,,,, 
KL_Fish_0000114,Chaetodon argentatus,species,銀身蝴蝶魚,,,,,,, 
KL_Fish_0000115,Chaetodon speculum,species,鏡斑蝴蝶魚,,,,,,, 
KL_Fish_0000116,Chaetodon citrinellus,species,胡麻斑蝴蝶魚,,,,,,, 
KL_Fish_0000117,Chaetodon kleinii,species,克氏蝴蝶魚,,,,,,, 
KL_Fish_0000118,Chaetodon melannotus,species,黑背蝴蝶魚,,,,,,, 
KL_Fish_0000119,Chaetodon unimaculatus,species,一點蝴蝶魚,,,,,,, 
KL_Fish_0000120,Chaetodon vagabundus,species,飄浮蝴蝶魚,,,,,,, 
KL_Fish_0000121,Chaetodon trifascialis,species,川紋蝴蝶魚,,,,,,, 
KL_Fish_0000122,Chaetodon bennetti,species,本氏蝴蝶魚,,,,,,, 
KL_Fish_0000123,Chaetodon plebeius,species,藍斑蝴蝶魚,,,,,,, 
KL_Fish_0000124,Forcipiger flavissimus,species,黃鑷口魚,,,,,,, 
KL_Fish_0000125,Heniochus chrysostomus,species,三帶立鰭鯛,,,,,,, 
KL_Fish_0000126,Carangoides orthogrammus,species,直線若鰺,,,,,,, 
KL_Fish_0000127,Carangoides coeruleopinnatus,species,青羽若鰺,,,,,,, 
KL_Fish_0000128,Caranx sexfasciatus,species,六帶鰺,,,,,,, 
KL_Fish_0000129,Caranx melampygus,species,藍鰭鰺,,,,,,, 
KL_Fish_0000130,Decapterus macarellus,species,頜圓鰺,,,,,,, 
KL_Fish_0000131,Seriola dumerili,species,紅甘鰺,,,,,,, 
KL_Fish_0000132,Centropyge vrolikii,species,福氏刺尻魚,,,,,,, 
KL_Fish_0000133,Pomacanthus imperator,species,條紋蓋刺魚,,,,,,, 
KL_Fish_0000134,Pomacanthus semicirculatus,species,疊波蓋刺魚,,,,,,, 
KL_Fish_0000135,Etrumeus micropus,species,小鱗脂眼鯡,,,,,,, 
KL_Fish_0000136,Cephalopholis urodeta,species,尾紋九刺鮨,,,,,,, 
KL_Fish_0000137,Epinephelus,genus,(混種)石斑屬,Animalia,Chordata,Teleostei,Perciformes,Serranidae,Epinephelus,Hybrid Epinephelus
KL_Fish_0000138,Pseudanthias squamipinnis,species,絲鰭擬花鮨,,,,,,, 
KL_Fish_0000139,Plectranthias nanus,species,短棘花鱸,,,,,,, 
KL_Fish_0000140,Pseudogramma polyacantha,species,多棘擬線鱸,,,,,,, 
KL_Fish_0000141,Kyphosus cinerascens,species,天竺舵魚,,,,,,, 
KL_Fish_0000142,Kyphosus vaigiensis,species,低鰭舵魚,,,,,,, 
KL_Fish_0000143,Sphyraena barracuda,species,巴拉金梭魚,,,,,,, 
KL_Fish_0000144,Sphyraena obtusata,species,黃尾金梭魚,,,,,,, 
KL_Fish_0000145,Gymnosarda unicolor,species,裸鰆,,,,,,, 
KL_Fish_0000146,Siganus fuscescens,species,褐臭肚魚,,,,,,, 
KL_Fish_0000147,Parupeneus multifasciatus,species,多帶海緋鯉,,,,,,, 
KL_Fish_0000148,Mulloidichthys vanicolensis,species,金帶擬鬚鯛,,,,,,, 
KL_Fish_0000149,Upeneus tragula,species,黑斑緋鯉,,,,,,, 
KL_Fish_0000150,Cheilodactylus zonatus,species,花尾唇指䱵,,,,,,, 
KL_Fish_0000151,Apogon properuptus,species,黃帶天竺鯛,,,,,,, 
KL_Fish_0000152,Cheilodipterus quinquelineatus,species,五線巨齒天竺鯛,,,,,,, 
KL_Fish_0000153,Apogon coccineus,species,紅天竺鯛,,,,,,, 
KL_Fish_0000154,Pseudamia gelatinosa,species,鈍尾擬天竺鯛,,,,,,, 
KL_Fish_0000155,Fistularia,genus,馬鞭魚,,,,,,, 
KL_Fish_0000156,Parapercis clathrata,species,四斑擬鱸,,,,,,, 
KL_Fish_0000157,Kuhlia mugil,species,鯔形湯鯉,,,,,,, 
KL_Fish_0000158,Pterois paucispinula,species,少棘簑鮋,,,,,,, 
KL_Fish_0000159,Pterois volitans,species,魔鬼梭鮋,,,,,,, 
KL_Fish_0000160,Scorpaenodes littoralis,species,淺海小鮋,,,,,,, 
KL_Fish_0000161,Scorpaenopsis cirrosa,species,鬚擬鮋,,,,,,, 
KL_Fish_0000162,Scorpaenopsis,genus,擬鮋屬,,,,,,, 
KL_Fish_0000163,Pseudochromis luteus,species,紅准雀鯛,,,,,,, 
KL_Fish_0000164,Belonepterygion fasciolatum,species,橫帶針鰭鮗,,,,,,, 
KL_Fish_0000165,Amblyeleotris wheeleri,species,威氏鈍塘鱧,,,,,,, 
KL_Fish_0000166,Bathygobius cocosensis,species,椰子深鰕虎,,,,,,, 
KL_Fish_0000167,Callogobius sclateri,species,稜頭硬皮鰕虎,,,,,,, 
KL_Fish_0000168,Callogobius,genus,硬皮鰕虎,,,,,,, 
KL_Fish_0000169,Cryptocentrus strigilliceps,species,紋斑絲蝦虎,,,,,,, 
KL_Fish_0000170,Eviota prasina,species,菲綠磯塘鱧,,,,,,, 
KL_Fish_0000171,Eviota,genus,磯塘鱧屬,,,,,,, 
KL_Fish_0000172,Fusigobius duospilus,species,裸頸植鰕虎,,,,,,, 
KL_Fish_0000173,Istigobius decoratus,species,珠點銜鯊,,,,,,, 
KL_Fish_0000174,Priolepis cincta,species,十二條鋸鱗鰕虎,,,,,,, 
KL_Fish_0000175,Priolepis inhaca,species,裸頰鋸鱗鰕虎,,,,,,, 
KL_Fish_0000176,Priolepis nuchifasciatus,species,頸紋鋸鱗鰕虎,,,,,,, 
KL_Fish_0000177,Trimma okinawae,species,沖繩磨塘鱧,,,,,,, 
KL_Fish_0000178,Trimma macrophthalma,species,圓斑磨塘鱧,,,,,,, 
KL_Fish_0000179,Helcogramma striatum,species,縱帶彎線鳚,,,,,,, 
KL_Fish_0000180,Norfolkia brachylepis,species,短鱗諾福克三鰭鳚,,,,,,, 
KL_Fish_0000181,Enneapterygius erythrosomus,species,赤身雙線鳚,,,,,,, 
KL_Fish_0000182,Helcogramma inclinata,species,三角彎線鳚,,,,,,, 
KL_Fish_0000183,Discotrema crinophilum,species,盤孔喉盤魚,,,,,,, 
KL_Fish_0000184,Zanclus cornutus,species,角蝶魚,,,,,,, 
KL_Fish_0000185,Balistoides viridescens,species,褐擬鱗魨,,,,,,, 
KL_Fish_0000186,Balistapus undulatus,species,波紋鉤鱗魨,,,,,,, 
KL_Fish_0000187,Balistoides conspicillum,species,花斑擬鱗魨,,,,,,, 
KL_Fish_0000188,Melichthys vidua,species,黑邊角鱗魨,,,,,,, 
KL_Fish_0000189,Sufflamen bursa,species,頸帶鼓氣鱗魨,,,,,,, 
KL_Fish_0000190,Sufflamen fraenatum,species,黃紋鼓氣鱗魨,,,,,,, 
KL_Fish_0000191,Sufflamen chrysopterum,species,金鰭鼓氣鱗魨,,,,,,, 
KL_Fish_0000192,Xanthichthys caeruleolineatus,species,黑帶黃鱗魨,,,,,,, 
KL_Fish_0000193,Aluterus scriptus,species,長尾革單棘魨,,,,,,, 
KL_Fish_0000194,Ostracion cubicus,species,粒突箱魨,,,,,,, 
KL_Fish_0000195,Diodon holocanthus,species,六斑二齒魨,,,,,,, 
KL_Fish_0000196,Canthigaster rivulata,species,水紋尖鼻魨,,,,,,, 
KL_Fish_0000197,Canthigaster valentini,species,瓦氏尖鼻魨,,,,,,, 
KL_Fish_0000198,Platax orbicularis,species,圓眼燕魚,Animalia,Chordata,Teleostei,Acanthuriformes,Ephippidae,Platax,
KL_Fish_0000200,Balistidae,family,鱗魨科,Animalia,Chordata,Teleostei,Tetraodontiformes,Balistidae,,
KL_Fish_0000201,Tilapia,genus,光鰓雀,Animalia,Chordata,Teleostei,Cichlidae ,Tilapia,,Chromis
KL_Fish_0000202,Enchelycore pardalis,species,豹紋勾吻鯙,Animalia,Chordata,Teleostei,Anguilliformes,Muraenidae,Enchelycore,
KL_Fish_0000203,Acanthuridae,family,刺尾鯛科,Animalia,Chordata,Teleostei,Acanthuriformes,Acanthuridae,,
KL_Fish_0000204,Caranx,genus,鰺屬,Animalia,Chordata,Teleostei,Carangiformes,Carangidae,Caranx,
KL_Fish_0000205,Epinephelus quoyanus,species,玳瑁石斑魚,,,,,,,
KL_Fish_0000206,Carangidae,family,鰺科,Animalia,Chordata,Teleostei,Carangiformes,Carangidae,,
KL_Fish_0000209,Pomacanthidae,family,蓋刺魚科,Animalia,Chordata,Teleostei,Acanthuriformes,Pomacanthidae,,
KL_Fish_0000212,Monacanthidae,family,單棘魨科,Animalia,Chordata,Teleostei,Tetraodontiformes,Monacanthidae,,
KL_Fish_0000213,Carcharhinidae,family,真鯊科,Animalia,Chordata,Chondrichthyes,Carcharhiniformes,Carcharhinidae,,
KL_Fish_0000214,Ptereleotris,genus,凹尾塘鱧屬,,,,,,,
KL_Fish_0000215,Elagatis bipinnulata,species,雙帶鰺,,,,,,,
KL_Fish_0000216,Chaetodon lineolatus,species,紋身蝴蝶魚,,,,,,,
KL_Fish_0000217,Coradion altivelis,species,褐帶少女魚,,,,,,,
KL_Fish_0000218,Arothron hispidus,species,紋腹叉鼻魨,,,,,,,
KL_Fish_0000220,Kyphosidae,family,舵魚科 (鿳科),Animalia,Chordata,Actinopterygii,Perciformes,Kyphosidae,,
KL_Fish_0000221,Ostraciidae,family,箱魨科,,,,,,,
KL_Fish_0000222,Sufflamen chrysopterus,species,金鰭鼓氣鱗魨,,,,,,,
KL_Fish_0000224,Anampses meleagrides,species,黃尾阿南魚,,,,,,,
KL_Fish_0000225,Monotaxis grandoculis,species,單列齒鯛,,,,,,,
KL_Fish_0000226,Diodon hystrix,species,密斑二齒魨,,,,,,,
KL_Fish_0000227,Acanthurus bariene,species,肩斑刺尾鯛,,,,,,,
KL_Fish_0000228,Anampses melanurus,species,烏尾阿南魚,,,,,,,
KL_Fish_0000229,Aprion virescens,species,藍短鰭笛鯛,,,,,,,
KL_Fish_0000230,Calotomus carolinus,species,卡羅鸚鯉,,,,,,,
KL_Fish_0000231,Chaetodon trifasciatus,species,三帶蝴蝶魚,,,,,,,
KL_Fish_0000232,Cirrhitichthys falco,species,鷹金䱵,,,,,,,
KL_Fish_0000233,Cirripectes stigmaticus,species,點斑穗肩䲁,,,,,,,
KL_Fish_0000234,Diodon liturosus,species,紋二齒魨,,,,,,,
KL_Fish_0000235,Eviota melasma,species,黑體磯塘鱧,,,,,,,
KL_Fish_0000236,Fistulariidae,family,馬鞭魚科,,,,,,,
KL_Fish_0000237,Halichoeres margaritaceus,species,斑點海豬魚,,,,,,,
KL_Fish_0000238,Labridae,family,隆頭魚科,,,,,,,
KL_Fish_0000239,Muraenidae,family,鯙科,,,,,,,
KL_Fish_0000240,Pomacentridae,family,雀鯛科,,,,,,,
KL_Fish_0000241,Scaridae,family,鸚哥魚科,,,,,,,
KL_Fish_0000242,Lactoria diaphana,species,棘背角箱魨,,,,,,,
KL_Fish_0000243,Lutjanus fulviflamma,species,火斑笛鯛,,,,,,,
KL_Fish_0000244,Mulloidichthys flavolineatus,species,黃帶擬鬚鯛,,,,,,,
KL_Fish_0000245,Pomacentrus chrysurus,species,白尾雀鯛,,,,,,,
KL_Fish_0000246,Scarus forsteni,species,福氏鸚哥魚,,,,,,,
KL_Fish_0000247,Sphyraena flavicauda,species,黃尾金梭魚,,,,,,,
KL_Fish_0000248,Thalassoma quinquevittatum,species,五帶錦魚,,,,,,,
KL_Fish_0000249,Myripristis botche,species,柏氏鋸鱗魚,,,,,,,
KL_Fish_0000250,Neoglyphidodon nigroris,species,黑褐新刻齒雀鯛,,,,,,,
KL_Fish_0000251,Neopomacentrus nemurus,species,線紋新雀鯛,,,,,,,
KL_Fish_0000252,Enneapterygius,genus,雙線鳚屬,,,,,,,
KL_Fish_0000256,Platax teira,species,尖翅燕魚,,,,,,,
KL_Fish_0000259,Dendrochirus zebra,species,斑馬短鰭簑鮋,,,,,,,
KL_Fish_0000260,Cantherhines dumerilii,species,杜氏刺鼻單棘魨,,,,,,,
KL_Fish_0000261,Coradion chrysozonus,species,金斑少女魚,,,,,,,
KL_Fish_0000262,Acanthurus japonicus,species,日本刺尾鯛,,,,,,,
KL_Fish_0000263,Seriola rivoliana,species,長鰭鰤,,,,,,,
KL_Fish_0000264,Diodontidae,family,二齒魨科,,,,,,,
KL_Fish_0000265,Dasyatidae,family,魟科,,,,,,,
KL_Fish_0000266,Cirrhitichthys aprinus,species,斑金䱵,,,,,,,
KL_Fish_0000267,Chaetodontidae,family,蝴蝶魚科,,,,,,,
KL_Fish_0000268,Bodianus axillaris,species,腋斑狐鯛,,,,,,,
KL_Fish_0000269,Chromis,genus,光鰓雀鯛屬,,,,,,,
KL_Fish_0000270,Parupeneus spilurus,species,大型海緋鯉,,,,,,,
KL_Fish_0000271,Anampses,genus,阿南魚屬,,,,,,,
KL_Fish_0000272,Cheilinus trilobatus,species,三葉唇魚,,,,,,,
KL_Fish_0000273,Diploprion bifasciatum,species,雙帶鱸,,,,,,,
KL_Fish_0000277,Myliobatidae,family,鱝科,,,,,,,
KL_Fish_0000278,Pycnochromis,genus,密光鰓雀鯛屬,,,,,,,
KL_Fish_0000279,Diagramma pictum,family,密點少棘胡椒鯛,,,,,,,
KL_Fish_0000280,Plectorhinchus vittatus,family,條斑胡椒鯛,,,,,,,
KL_Fish_0000281,Abudefduf,genus,豆娘魚屬,,,,,,,
KL_Fish_0000282,Heniochus acuminatus,species,白吻雙帶立旗鯛,,,,,,,
KL_Fish_0000283,Iniistius pavo,species,巴父項鰭魚,,,,,,,
KL_Fish_0000284,Gymnothorax eurostus,species,黴身裸胸鯙,,,,,,,
KL_Fish_0000286,Aluterus monoceros,species,單角革單棘魨,,,,,,,
KL_Fish_0000287,Lethrinidae,family,龍占魚科,,,,,,,
KL_Fish_0000288,Bodianus loxozonus,species,斜帶狐鯛,,,,,,,
KL_Fish_0000289,Arothron firmamentum,species,瓣叉鼻魨,,,,,,,
KL_Fish_0000290,Chilomycterus reticulatus,species,網紋短刺魨,,,,,,,
KL_Fish_0000291,Gymnocranius grandoculis,species,藍線白鱲,,,,,,,
KL_Fish_0000292,Parapercis tetracantha,species,四棘擬鱸,,,,,,,
KL_Fish_0000293,Epinephelus merra,species,網紋石斑魚,,,,,,,
KL_Fish_0000294,Pterocaesio diagramma,species,雙帶鱗鰭烏尾鮗,,,,,,,
KL_Fish_0000295,Exallias brevis,species,短多鬚鳚,,,,,,,
KL_Fish_0000296,Lutjanus gibbus,species,隆背笛鯛,,,,,,,
KL_Fish_0000297,Chaetodon rafflesii,species,雷氏蝴蝶魚,,,,,,,
KL_Fish_0000298,Hemigymnus fasciatus,species,條紋半裸魚,,,,,,,
KL_Fish_0000299,Ptereleotris evides,species,黑尾凹尾塘鱧,,,,,,,
KL_Insect_0000001,Lampides boeticus,species,豆波灰蝶,Animalia,Arthropoda,Insecta,Lepidoptera,Lycaenidae,Lampides, 
KL_Insect_0000002,Zizeeria maha okinawana,subspecies,藍灰蝶,Animalia,Arthropoda,Insecta,Lepidoptera,Lycaenidae,Zizeeria, 
KL_Insect_0000003,Prosotas nora formosana,subspecies,波灰蝶,Animalia,Arthropoda,Insecta,Lepidoptera,Lycaenidae,Prosotas, 
KL_Insect_0000004,Zizina otis riukuensis,subspecies,折列藍灰蝶,Animalia,Arthropoda,Insecta,Lepidoptera,Lycaenidae,Zizina, 
KL_Insect_0000005,Deudorix epijarbas menesicles,subspecies,玳灰蝶,Animalia,Arthropoda,Insecta,Lepidoptera,Lycaenidae,Deudorix, 
KL_Insect_0000006,Junonia orithya,species,青眼蛺蝶,Animalia,Arthropoda,Insecta,Lepidoptera,Nymphalidae,Junonia, 
KL_Insect_0000007,Vanessa cardui,species,小紅蛺蝶,Animalia,Arthropoda,Insecta,Lepidoptera,Nymphalidae,Vanessa, 
KL_Insect_0000008,Vanessa indica,species,大紅蛺蝶,Animalia,Arthropoda,Insecta,Lepidoptera,Nymphalidae,Vanessa, 
KL_Insect_0000009,Parantica sita,species,大絹斑蝶,Animalia,Arthropoda,Insecta,Lepidoptera,Nymphalidae,Parantica, 
KL_Insect_0000010,Euploea eunice hobsoni,subspecies,圓翅紫斑蝶,Animalia,Arthropoda,Insecta,Lepidoptera,Nymphalidae,Euploea, 
KL_Insect_0000011,Kaniska canace drilon,subspecies,琉璃蛺蝶,Animalia,Arthropoda,Insecta,Lepidoptera,Nymphalidae,Vanessa, 
KL_Insect_0000012,Pieris rapae crucivora,subspecies,白粉蝶,Animalia,Arthropoda,Insecta,Lepidoptera,Pieridae,Pieris, 
KL_Insect_0000013,Colias erate,species,紋黃蝶,Animalia,Arthropoda,Insecta,Lepidoptera,Pieridae,Colias, 
KL_Insect_0000014,Pieris canidia,species,緣點白粉蝶,Animalia,Arthropoda,Insecta,Lepidoptera,Pieridae,Pieris, 
KL_Insect_0000015,Catopsilia pomona,species,遷粉蝶,Animalia,Arthropoda,Insecta,Lepidoptera,Pieridae,Catopsilia, 
KL_Insect_0000016,Eurema mandarina,species,北黃蝶,Animalia,Arthropoda,Insecta,Lepidoptera,Pieridae,Eurema, 
KL_Insect_0000017,Appias albina semperi,subspecies,尖粉蝶,Animalia,Arthropoda,Insecta,Lepidoptera,Pieridae,Appias, 
KL_Insect_0000018,Parnara guttata,species,稻弄蝶,Animalia,Arthropoda,Insecta,Lepidoptera,Hesperiidae,Parnara, 
KL_Insect_0000019,Papilio protenor protenor,subspecies,黑鳳蝶,Animalia,Arthropoda,Insecta,Lepidoptera,Papilionidae,Papilio, 
KL_Insect_0000020,Spoladea recurvalis,species,甜菜白帶野螟,Animalia,Arthropoda,Insecta,Lepidoptera,Crambidae,Spoladea, 
KL_Insect_0000021,Pleuroptya chlorophanta,species,三條肋野螟蛾,Animalia,Arthropoda,Insecta,Lepidoptera,Crambidae,Patania, 
KL_Insect_0000022,Pygospila tyres,species,白斑黑翅野螟蛾,Animalia,Arthropoda,Insecta,Lepidoptera,Crambidae,Pygospila, 
KL_Insect_0000023,Pleuroptya iopasalis,species,紫褐肋野螟蛾,Animalia,Arthropoda,Insecta,Lepidoptera,Crambidae,Pleuroptya, 
KL_Insect_0000024,Nomophila noctuella,species,麥牧野螟,Animalia,Arthropoda,Insecta,Lepidoptera,Crambidae,Nomophila, 
KL_Insect_0000025,Diasemia accalis,species,褐紋翅野螟,Animalia,Arthropoda,Insecta,Lepidoptera,Crambidae,Diasemia, 
KL_Insect_0000026,Talanga sexpunctalis,species,緗帶野螟,Animalia,Arthropoda,Insecta,Lepidoptera,Crambidae,Talanga, 
KL_Insect_0000027,Patania plagiatalis,species,扇野螟蛾,,,,,,, 
KL_Insect_0000028,Eudocima phalonia,species,落葉夜蛾,Animalia,Arthropoda,Insecta,Lepidoptera,Erebidae,Eudocima, 
KL_Insect_0000029,Nyctemera adversata,species,粉蝶燈蛾,Animalia,Arthropoda,Insecta,Lepidoptera,Erebidae,Nyctemera, 
KL_Insect_0000030,Utetheisa,genus,,,,,,,, 
KL_Insect_0000031,Hypocala subsatura,species,苹梢鷹裳蛾,Animalia,Arthropoda,Insecta,Lepidoptera,Erebidae,Hypocala, 
KL_Insect_0000032,Oraesia emarginata,species,鳥嘴壺裳蛾,Animalia,Arthropoda,Insecta,Lepidoptera,Erebidae,Oraesia, 
KL_Insect_0000033,Asota plana lacteata,subspecies,長斑擬燈蛾,Animalia,Arthropoda,Insecta,Lepidoptera,Erebidae,Asota, 
KL_Insect_0000034,Grammodes geometrica,species,象夜蛾,Animalia,Arthropoda,Insecta,Lepidoptera,Erebidae,Grammodes, 
KL_Insect_0000035,Plutella xylostella,species,小菜蛾,Animalia,Arthropoda,Insecta,Lepidoptera,Plutellidae,Plutella, 
KL_Insect_0000036,Stathmopoda auriferella,species,展足蛾,Animalia,Arthropoda,Insecta,Lepidoptera,Stathmopodidae,Stathmopoda, 
KL_Insect_0000037,Hippotion rosetta,species,後紅斜線天蛾,Animalia,Arthropoda,Insecta,Lepidoptera,Sphingidae,Hippotion, 
KL_Insect_0000038,Sterrhinae,genus,姬尺蛾亞科,,,,,,, 
KL_Insect_0000039,Celenna festivaria formosensis,subspecies,綠紋尺蛾,Animalia,Arthropoda,Insecta,Lepidoptera,Geometridae,Celenna, 
KL_Insect_0000040,Eumelea ludovicata,species,雌黃粉尺蛾,Animalia,Arthropoda,Insecta,Lepidoptera,Geometridae,Eumelea, 
KL_Insect_0000041,Scopula,genus,岩尺蛾屬,,,,,,, 
KL_Insect_0000042,Earias cupreoviridis,species,鼎點鑽瘤蛾,Animalia,Arthropoda,Insecta,Lepidoptera,Nolidae,Earias, 
KL_Insect_0000043,Anax parthenope julius,subspecies,綠胸晏蜓,Animalia,Arthropoda,Insecta,Odonata,Aeshnidae,Anax, 
KL_Insect_0000044,Anax guttatus,species,烏點晏蜓,Animalia,Arthropoda,Insecta,Odonata,Aeshnidae,Anax, 
KL_Insect_0000045,Agriocnemis pygmaea,species,橙尾細蟌,Animalia,Arthropoda,Insecta,Odonata,Coenagrionidae,Agriocnemis, 
KL_Insect_0000046,Ischnura senegalensis,species,青紋細蟌,Animalia,Arthropoda,Insecta,Odonata,Coenagrionidae,Ischnura, 
KL_Insect_0000047,Ischnura asiatica,species,亞東細蟌,Animalia,Arthropoda,Insecta,Odonata,Coenagrionidae,Ischnura, 
KL_Insect_0000048,Pantala flavescens,species,薄翅蜻蜓,Animalia,Arthropoda,Insecta,Odonata,Libellulidae,Pantala, 
KL_Insect_0000049,Sympetrum fonscolombii,species,紅脈蜻蜓,Animalia,Arthropoda,Insecta,Odonata,Libellulidae,Sympetrum, 
KL_Insect_0000050,Tramea virginia,species,大華蜻蜓,Animalia,Arthropoda,Insecta,Odonata,Libellulidae,Tramea, 
KL_Insect_0000051,Copera marginipes,species,脛蹼琵蟌,Animalia,Arthropoda,Insecta,Odonata,Platycnemididae,Copera, 
KL_Insect_0000052,Riptortus pedestris,species,點蜂緣椿,Animalia,Arthropoda,Insecta,Hemiptera,Alydidae,Riptortus, 
KL_Insect_0000053,Hishimonus sellatus,species,菱紋葉蟬,Animalia,Arthropoda,Insecta,Hemiptera,Cicadellidae,Hishimonus, 
KL_Insect_0000054,Cletus trigonus,species,肩棘緣蝽,Animalia,Arthropoda,Insecta,Hemiptera,Coreidae,Cletus, 
KL_Insect_0000055,Homoeocerus marginiventris,species,小點同緣蝽,Animalia,Arthropoda,Insecta,Hemiptera,Coreidae,Homoeocerus, 
KL_Insect_0000056,Acanthocoris scaber,species,瘤緣蝽,Animalia,Arthropoda,Insecta,Hemiptera,Coreidae,Acanthocoris, 
KL_Insect_0000057,Graptostethus servus servus,subspecies,紅腺長椿,Animalia,Arthropoda,Insecta,Hemiptera,Lygaeidae,Graptostethus, 
KL_Insect_0000058,Spilostethus hospes,species,黑斑腺長蝽,Animalia,Arthropoda,Insecta,Hemiptera,Lygaeidae,Spilostethus, 
KL_Insect_0000059,Nysius ericae,species,小長蝽象,Animalia,Arthropoda,Insecta,Hemiptera,Lygaeidae,Nysius, 
KL_Insect_0000060,Geocoris pallidipennis scissilis,subspecies,大眼長蝽,Animalia,Arthropoda,Insecta,Hemiptera,Geocoridae,Geocoris, 
KL_Insect_0000061,Pseudopachybrachius guttus,species,圓眼長蝽,Animalia,Arthropoda,Insecta,Hemiptera,Rhyparochromidae,Pseudopachybrachius, 
KL_Insect_0000062,Telocoris,genus,,,,,,,, 
KL_Insect_0000063,Geotomus,genus,地土蝽屬,,,,,,, 
KL_Insect_0000064,Pilophorus typicus,species,泛束盲蝽,Animalia,Arthropoda,Insecta,Hemiptera,Miridae,Pilophorus, 
KL_Insect_0000065,Taylorilygus apicalis,species,泛泰盲蝽,Animalia,Arthropoda,Insecta,Hemiptera,Miridae,Taylorilygus, 
KL_Insect_0000066,Trigonotylus tenuis,species,小赤鬚盲蝽,Animalia,Arthropoda,Insecta,Hemiptera,Miridae,Trigonotylus, 
KL_Insect_0000067,Creontiades,genus,淡盲蝽屬,,,,,,, 
KL_Insect_0000068,Tytthus,genus,淡翅盲蝽屬,,,,,,, 
KL_Insect_0000069,Sejanus,genus,楔盲蝽屬,,,,,,, 
KL_Insect_0000070,Orius,genus,小花蝽屬,,,,,,, 
KL_Insect_0000071,Corythucha,genus,方翅網蝽屬,,,,,,, 
KL_Insect_0000072,Agonoscelis nubilis,species,雲椿,Animalia,Arthropoda,Insecta,Hemiptera,Pentatomidae,Agonoscelis, 
KL_Insect_0000073,Nezara viridula,species,稻綠椿,Animalia,Arthropoda,Insecta,Hemiptera,Pentatomidae,Nezara, 
KL_Insect_0000074,Piezodorus hybneri,species,璧椿,Animalia,Arthropoda,Insecta,Hemiptera,Pentatomidae,Piezodorus, 
KL_Insect_0000075,Scotiphara scotii,species,短刺黑椿象,Animalia,Arthropoda,Insecta,Hemiptera,Pentatomidae,Scotiphara, 
KL_Insect_0000076,Oncocephalus assimilis,species,黑斑褐獵椿象,Animalia,Arthropoda,Insecta,Hemiptera,Reduviidae,Oncocephalus, 
KL_Insect_0000077,Pycnoscelis surinamensis,species,穌里南潛蠊,Animalia,Arthropoda,Insecta,Blattodea,Blaberidae,Pycnoscelus, 
KL_Insect_0000078,Blattella,genus,姬蠊屬,,,,,,, 
KL_Insect_0000079,Periplaneta australasiae,species,澳洲家蠊,Animalia,Arthropoda,Insecta,Blattodea,Blattidae,Periplaneta, 
KL_Insect_0000080,Acrida turrita,species,長頭蝗,Animalia,Arthropoda,Insecta,Orthoptera,Acrididae,Acrida, 
KL_Insect_0000081,Acrida cinerea,species,中華劍角蝗,Animalia,Arthropoda,Insecta,Orthoptera,Acrididae,Acrida, 
KL_Insect_0000082,Aiolopus thalassinus,species,斑蝗,Animalia,Arthropoda,Insecta,Orthoptera,Acrididae,Aiolopus, 
KL_Insect_0000083,Trilophidia annulata,species,疣蝗,Animalia,Arthropoda,Insecta,Orthoptera,Acrididae,Trilophidia, 
KL_Insect_0000084,Patanga succincta,species,條背土蝗,Animalia,Arthropoda,Insecta,Orthoptera,Acrididae,Patanga, 
KL_Insect_0000085,Hieroglyphus annulicornis,species,斑腿蔗蝗,Animalia,Arthropoda,Insecta,Orthoptera,Acrididae,Hieroglyphus, 
KL_Insect_0000086,Gastrimargus marmoratus,species,雲斑車蝗,Animalia,Arthropoda,Insecta,Orthoptera,Acrididae,Gastrimargus, 
KL_Insect_0000087,Teleogryllus mitratus,species,白緣眉紋蟋蟀,Animalia,Arthropoda,Insecta,Orthoptera,Gryllidae,Teleogryllus, 
KL_Insect_0000088,Velarifictorus ornatus,species,麗鬥蟋,Animalia,Arthropoda,Insecta,Orthoptera,Gryllidae,Velarifictorus, 
KL_Insect_0000089,Gryllus bimaculatus,species,黃斑黑蟋蟀,Animalia,Arthropoda,Insecta,Orthoptera,Gryllidae,Gryllus, 
KL_Insect_0000090,Ornebius,genus,奧蟋,,,,,,, 
KL_Insect_0000091,Euconocephalus nasutus,species,鼻優草螽,Animalia,Arthropoda,Insecta,Orthoptera,Tettigoniidae,Euconocephalus, 
KL_Insect_0000092,Conocephalus maculatus,species,褐背細斯,Animalia,Arthropoda,Insecta,Orthoptera,Tettigoniidae,Conocephalus, 
KL_Insect_0000093,Myrmecophilus,genus,蟻蟋屬,,,,,,, 
KL_Insect_0000094,Chlorophorus annularis,species,竹虎天牛,Animalia,Arthropoda,Insecta,Coleoptera,Cerambycidae,Chlorophorus, 
KL_Insect_0000095,Chlorophorus graphus,species,圖紋虎天牛,Animalia,Arthropoda,Insecta,Coleoptera,Cerambycidae,Chlorophorus, 
KL_Insect_0000096,Eobia chinensis,species,黑尾擬天牛,Animalia,Arthropoda,Insecta,Coleoptera,Oedemeridae,Eobia, 
KL_Insect_0000097,Chaetocnema,genus,凹脛葉蚤屬,,,,,,, 
KL_Insect_0000098,Colasposoma auripenne,species,甘藷猿金花蟲,Animalia,Arthropoda,Insecta,Coleoptera,Chrysomelidae,Colasposoma, 
KL_Insect_0000099,Cassida circumdata,species,甘藷龜金花蟲,Animalia,Arthropoda,Insecta,Coleoptera,Chrysomelidae,Cassida, 
KL_Insect_0000100,Necrobia rufipes,species,赤足郭公蟲,Animalia,Arthropoda,Insecta,Coleoptera,Cleridae,Necrobia, 
KL_Insect_0000101,Necrobia ruficollis,species,赤頸郭公蟲,Animalia,Arthropoda,Insecta,Coleoptera,Cleridae,Necrobia, 
KL_Insect_0000102,Coccinella septempunctata,species,七星瓢蟲,Animalia,Arthropoda,Insecta,Coleoptera,Coccinellidae,Coccinella, 
KL_Insect_0000103,Propylea japonica,species,龜紋瓢蟲,Animalia,Arthropoda,Insecta,Coleoptera,Coccinellidae,Propylea, 
KL_Insect_0000104,Cheilomenes sexmaculata,species,六斑月瓢蟲,Animalia,Arthropoda,Insecta,Coleoptera,Coccinellidae,Cheilomenes, 
KL_Insect_0000105,Protaetia orientalis sakaii,subspecies,東方白點花金龜,Animalia,Arthropoda,Insecta,Coleoptera,Scarabaeidae,Protaetia, 
KL_Insect_0000106,Paederus fuscipes,species,紅胸隱翅蟲,Animalia,Arthropoda,Insecta,Coleoptera,Staphylinidae,Paederus, 
KL_Insect_0000107,Gonocephalum,genus,潛砂蟲屬,,,,,,, 
KL_Insect_0000108,Agrypnus sakaguchii,species,小褐鏽叩頭蟲,Animalia,Arthropoda,Insecta,Coleoptera,Elateridae,Agrypnus, 
KL_Insect_0000109,Stomorhina discolor,species,黑色錐口蠅,Animalia,Arthropoda,Insecta,Diptera,Calliphoridae,Stomorhina, 
KL_Insect_0000110,Chrysomya,genus,金蠅屬,,,,,,, 
KL_Insect_0000111,Pollenia,genus,粉蠅屬,,,,,,, 
KL_Insect_0000112,Dioxyna sororcula,species,長鞘寬頭實蠅,Animalia,Arthropoda,Insecta,Diptera,Tephritidae,Dioxyna, 
KL_Insect_0000113,Ischiodon scutellaris,species,短刺蚜蠅,Animalia,Arthropoda,Insecta,Diptera,Syrphidae,Ischiodon, 
KL_Insect_0000114,Allograpta javana,species,爪哇蚜蠅,Animalia,Arthropoda,Insecta,Diptera,Syrphidae,Allograpta, 
KL_Insect_0000115,Eristalinus,genus,斑眼蚜蠅屬,,,,,,, 
KL_Insect_0000116,Ceratina,genus,蘆蜂,,,,,,, 
KL_Insect_0000117,Tetramorium nipponense,species,日本皺家蟻,Animalia,Arthropoda,Insecta,Hymenoptera,Formicidae,Tetramorium, 
KL_Insect_0000118,Tapinoma melanocephalum,species,黑頭慌蟻,Animalia,Arthropoda,Insecta,Hymenoptera,Formicidae,Tapinoma, 
KL_Insect_0000119,Pheidole fervens,species,熱烈大頭家蟻,Animalia,Arthropoda,Insecta,Hymenoptera,Formicidae,Pheidole, 
KL_Insect_0000120,Cardiocondyla kagutsuchi,species,迦具土瘤突家蟻,Animalia,Arthropoda,Insecta,Hymenoptera,Formicidae,Cardiocondyla, 
KL_Insect_0000121,Cardiocondyla minutior,species,小瘤突家蟻,Animalia,Arthropoda,Insecta,Hymenoptera,Formicidae,Cardiocondyla, 
KL_Insect_0000122,Monomorium chinense,species,中華單家蟻,Animalia,Arthropoda,Insecta,Hymenoptera,Formicidae,Monomorium, 
KL_Insect_0000123,Tetramorium bicarinatum,species,雙脊皺家蟻,Animalia,Arthropoda,Insecta,Hymenoptera,Formicidae,Tetramorium, 
KL_Insect_0000124,Nylanderia ryukyuensis,species,琉球尼蘭德山蟻,,,,,,, 
KL_Insect_0000125,Camponotus albosparsus,species,白疏巨山蟻,Animalia,Arthropoda,Insecta,Hymenoptera,Formicidae,Camponotus, 
KL_Insect_0000126,Ochetellus glaber,species,光滑管琉璃蟻,Animalia,Arthropoda,Insecta,Hymenoptera,Formicidae,Ochetellus, 
KL_Insect_0000127,Strumigenys membranifera,species,節膜瘤顎家蟻,Animalia,Arthropoda,Insecta,Hymenoptera,Formicidae,Pyramica, 
KL_Insect_0000128,Hypoponera,genus,姬針蟻,,,,,,, 
KL_Insect_0000129,Solenopsis,genus,火家蟻屬,,,,,,, 
KL_Insect_0000130,Bassus,genus,,,,,,,, 
KL_Insect_0000131,Xysticus,genus,花蟹蛛,,,,,,, 
KL_Insect_0000132,Stathmopoda auriferalla,species,展足蛾,Animalia,Arthropoda,Insecta,Lepidoptera,Stathmopodidae,Stathmopoda,
KL_Insect_0000133,Largidae,family,大紅蝽科,Animalia,Arthropoda,Insecta,Hemiptera,Largidae,,
KL_Insect_0000134,Chrysopidae,family,草蛉科,,,,,,,
KL_Insect_0000135,Trilophidia japonica,species,疣蝗,Animalia,Arthropoda,Insecta,Orthoptera,Acrididae,Trilophidia,
KL_Insect_0000136,Geometridae,family,尺蛾科,Animalia,Arthropoda,Insecta,Lepidoptera,Geometridae,,
KL_Insect_0000138,Ischiodon,genus,短刺蚜蠅,,,,,,,
KL_Insect_0000139,Protaetia orientalis,species,東方白點花金龜,Animalia,Arthropoda,Insecta,Coleoptera,Scarabaeidae,Protaetia,
KL_Insect_0000140,Staphylinidae,family,隱翅蟲科,,,,,,,
KL_Insect_0000141,Tenebrionidae,family,擬步行蟲科,,,,,,,
KL_Insect_0000142,Coccinellidae,family,瓢蟲科,,,,,,,
KL_Insect_0000143,Cleridae,family,郭公蟲科,,,,,,,
KL_Insect_0000144,Aiolopus thalassinus tamulus,subspecies,斑蝗,Animalia,Arthropoda,Insecta,Orthoptera,Acrididae,Aiolopus,
KL_Insect_0000145,Pycnoscelus surinamensis,species,蘇利南潛蠊,Animalia,Arthropoda,Insecta,Blattodea,Blaberidae,Pycnoscelus,
KL_Insect_0000146,Colasposoma viridicoeruleum,species,甘藷猿金花蟲,Animalia,Arthropoda,Insecta,Coleoptera,Chrysomelidae,Colasposoma,
KL_Insect_0000147,Pleuroptya,genus,,,,,,,,
KL_Insect_0000148,Erebidae,family,裳蛾科,,,,,,,
KL_Insect_0000150,Atractomorpha sinensis,species,紅后負蝗,Animalia,Arthropoda,Insecta,Orthoptera,Pyrgomorphidae,Atractomorpha,
KL_Insect_0000153,Graptostethus servus,species,黑帶紅腺長蝽,Animalia,Arthropoda,Insecta,Hemiptera,Lygaeidae,Graptostethus,
KL_Insect_0000154,Scotinophara scottii,species,短刺黑蝽,Animalia,Arthropoda,Insecta,Hemiptera,Pentatomidae,Scotinophara,
KL_Insect_0000155,Asopinae,subfamily,,,,,,,,
KL_Insect_0000158,Lepismatidae,family,衣魚科,,,,,,,
KL_Insect_0000160,Crambidae,family,草螟科,,,,,,,
KL_Insect_0000161,Cicadellidae,family,葉蟬科,Animalia,Arthropoda,Insecta,Hemiptera,Cicadellidae,,
KL_Insect_0000162,Brachymeria,genus,大腿小蜂,,,,,,,
KL_Insect_0000164,Eurytomidae,family,廣肩小蜂科,,,,,,,
KL_Insect_0000165,Braconidae,family,小繭蜂科,Animalia,Arthropoda,Insecta,Hymenoptera,Braconidae,,
KL_Insect_0000166,Dermestes,genus,鰹節蟲,,,,,,,
KL_Insect_0000167,Aphididae,family,蚜蟲,Animalia,Arthropoda,Insecta,Hemiptera,Aphididae,,
KL_Insect_0000169,Muscidae,family,家蠅科,,,,,,,
KL_Insect_0000170,Curculionidae,family,象鼻蟲,Animalia,Arthropoda,Insecta,Coleoptera,Curculionidae,,
KL_Insect_0000171,Culicidae,family,蚊,,,,,,,
KL_Insect_0000172,Gryllidae,family,蟋蟀,,,,,,,
KL_Insect_0000173,Pheidole,genus,大頭家蟻,,,,,,,
KL_Insect_0000174,Deltocephalidae,family,角頂葉蟬,,,,,,,
KL_Insect_0000175,Pipunculidae,family,頭蠅,,,,,,,
KL_Insect_0000176,Caeciliusidae,family,毛嚙蟲,,,,,,,
KL_Insect_0000177,Ceratopogonidae,family,蠓,,,,,,,
KL_Insect_0000178,Chloropidae,family,稈蠅,,,,,,,
KL_Insect_0000179,Agromyzidae,family,潛蠅,,,,,,,
KL_Insect_0000180,Malachiidae,family,耀夜螢,,,,,,,
KL_Insect_0000181,Diasemia acalis,species,褐紋翅野螟蛾,Animalia,Arthropoda,Insecta,Lepidoptera,Crambidae,Diasemia,
KL_Insect_0000182,Diptera,order,雙翅目,Animalia,Arthropoda,Insecta,Diptera,,,
KL_Insect_0000183,Cheilmenes sexmachlata,species,六斑月瓢蟲,Animalia,Arthropoda,Insecta,Coleoptera,Coccinellidae,Cheilomenes,
KL_Insect_0000184,Eobia chinensis chinensis,species,黑尾擬天牛,Animalia,Arthropoda,Insecta,Coleoptera,Oedemeridae,Eobia,
KL_Insect_0000185,Propylea japonoca,species,龜紋瓢蟲,Animalia,Arthropoda,Insecta,Coleoptera,Coccinellidae,Propylea,
KL_Insect_0000186,Diasemia,genus,草螟蛾,,,,,,,
KL_Insect_0000188,Colasposoma cf. auripenne,species,甘藷猿金花蟲,Animalia,Arthropoda,Insecta,Coleoptera,Chrysomelidae,Colasposoma,
KL_Insect_0000190,Cantharidae,family,菊虎科,,,,,,,
KL_Insect_0000191,Scymninae,subfamily,小毛瓢蟲亞科,,,,,,,
KL_Insect_0000192,Pyralidae,family,螟蛾科,,,,,,,
KL_Insect_0000193,Deudorix,genus,玳灰蝶屬,,,,,,,
KL_Insect_0000194,Dolichopodidae,family,長足虻科,,,,,,,
KL_Insect_0000195,Lauxaniidae,family,縞蠅科,,,,,,,
KL_Insect_0000197,Ephydridae,family,水蠅科,,,,,,,
KL_Insect_0000198,Eulophidae,family,姬小蜂科,,,,,,,
KL_Insect_0000199,Campopleginae,subfamily,縫姬蜂亞科,,,,,,,
KL_Insect_0000200,Cremastinae,subfamily,分距姬蜂亞科,,,,,,,
KL_Insect_0000201,Chalcididae,family,小蜂科,,,,,,,
KL_Insect_0000202,Formicidae,family,蟻科,,,,,,,
KL_Insect_0000206,Miridae,family,盲蝽科,Animalia,Arthropoda,Insecta,Hemiptera,Miridae,,
KL_Insect_0000207,Nysius,genus,小長蝽屬,,,,,,,
KL_Insect_0000209,Tropiduchidae,family,軍配飛蝨,Animalia,Arthropoda,Insecta,Hemiptera,Tropiduchidae,,
KL_Insect_0000210,Catopsilia pomona pomona,species,遷粉蝶,Animalia,Arthropoda,Insecta,Lepidoptera,Pieridae,Catopsilia,
KL_Insect_0000213,Ichneumonidae,genus,,,,,,,,
KL_Insect_0000214,Oraesia excavata,species,鳥嘴壺裳蛾,Animalia,Arthropoda,Insecta,Lepidoptera,Erebidae,Oraesia,
KL_Insect_0000221,Diaphania indica,species,瓜絹野螟,,,,,,,
KL_Insect_0000222,Braunsapis,genus,小蘆蜂屬,,,,,,,
KL_Insect_0000223,Hylaeus,genus,面具蜂屬,,,,,,,
KL_Insect_0000224,Aphidius gifuensis,species,岐阜小繭蜂,,,,,,,
KL_Insect_0000225,Tetramorium simillimum,species,相似皺家蟻,,,,,,,
KL_Insect_0000226,Tetramorium lanuginosum,species,絨毛皺家蟻,,,,,,,
KL_Insect_0000227,Austragallia,genus,,,,,,,,
KL_Insect_0000228,Stirellus indrus,species,二點矛葉蟬,,,,,,,
KL_Insect_0000229,Orosius orientalis,species,南斑葉蟬,,,,,,,
KL_Insect_0000230,Lipaphis erysimi,species,偽菜蚜,,,,,,,
KL_Insect_0000235,Episyrphus,genus,黑帶蚜蠅屬,,,,,,,
KL_Insect_0000236,Steganopsis,genus,防水縞蠅屬,,,,,,,
KL_Insect_0000237,Sphenella,genus,雙帶斑實蠅屬,,,,,,,
KL_Insect_0000238,Lispe,genus,溜蠅屬,,,,,,,
KL_Insect_0000239,Liriomyza,genus,斑潛蠅屬,,,,,,,
KL_Insect_0000240,Drosophila,genus,果蠅屬,,,,,,,
KL_Insect_0000241,Valenzuela,genus,梵嚙蟲屬,,,,,,,
KL_Insect_0000242,Hemerobius,genus,褐蛉屬,,,,,,,
KL_Insect_0000243,Phlaeothripidae,family,管薊馬科,,,,,,,
KL_Insect_0000244,Thripidae,family,薊馬科,,,,,,,
KL_Insect_0000248,Myrmecophilus quadrispinus,species,蓬萊蟻蟋,,,,,,,
KL_Insect_0000249,Tropidocephala,genus,匙頂飛蝨屬,,,,,,,
KL_Insect_0000250,Geocoris ochropterus,species,南亞大眼長蝽,,,,,,,
KL_Insect_0000253,Pilophorus,genus,束盲蝽屬,,,,,,,
KL_Insect_0000257,Ornebius bimaculatus,species,二斑奧蟋,,,,,,,
KL_Insect_0000258,Velarifictorus,genus,鬥蟋屬,,,,,,,
KL_Insect_0000261,Plagiolepis,genus,斜山蟻屬,,,,,,,
KL_Insect_0000264,Tomosvaryella,genus,刀蠅屬,,,,,,,
KL_Insect_0000266,Chironomidae,family,搖蚊科,,,,,,,
KL_Insect_0000269,Melapia kishidai,species,三角斑裳蛾,,,,,,,
KL_Insect_0000270,Mocis undata,species,毛脛裳蛾,,,,,,,
KL_Insect_0000271,Asota caricae,species,一點擬燈蛾,,,,,,,
KL_Insect_0000272,Cnaphalocrocis medinalis,species,瘤野螟,,,,,,,
KL_Insect_0000273,Harpalus,genus,婪步甲屬,,,,,,,
KL_Insect_0000275,Acrida,genus,劍角蝗屬,,,,,,,
KL_Insect_0000283,Diniella,genus,赤喉長蝽屬,,,,,,,
KL_Insect_0000284,Stirellus,genus,矛葉蟬屬,,,,,,,
KL_Insect_0000286,Pompilidae,family,蛛蜂科,,,,,,,
KL_Insect_0000288,Tapinoma melanogaster,species,黑頭慌蟻,,,,,,,
KL_Insect_0000289,Xyphon,genus,尖頭葉蟬,,,,,,,
KL_Insect_0000290,Popillia taiwana,species,台灣豆金龜,,,,,,,
KL_Insect_0000291,Schizaspidia,genus,角胸蟻小蜂,,,,,,,
KL_Insect_0000292,Discomyza,genus,渚蠅,,,,,,,
KL_Insect_0000293,Pieris rapae,species,白粉蝶,,,,,,,
KL_Insect_0000294,Pseudozizeeria maha,species,藍灰蝶,,,,,,,
KL_Insect_0000295,Gigantothrips,genus,瘦管薊馬,,,,,,,
KL_Insect_0000296,Megachile,genus,切葉蜂屬,,,,,,,
KL_Insect_0000297,Paragus crenulatus,species,澳亞蚜蠅,,,,,,,
KL_Insect_0000298,Scymnus fuscatus,genus,棕色毛瓢蟲,,,,,,,
KL_Insect_0000299,Nitidulidae,family,出尾蟲科,,,,,,,
KL_Insect_0000300,Synclisis kawaii,species,三齒蟻蛉,,,,,,,
KL_Insect_0000301,Anax,genus,偉蜓屬,,,,,,,
KL_Insect_0000302,Agrius convolvuli,species,白薯天蛾,,,,,,,
KL_Insect_0000303,Hydrophilidae,family,牙蟲科,,,,,,,
KL_Insect_0000304,Xanthopimpla,genus,黑點瘤姬蜂屬,,,,,,,
KL_Insect_0000305,Mesovelia horvathi,species,日本水椿象,,,,,,,
KL_Insect_0000306,Paraplea frontalis,species,高額鄰固蝽,,,,,,,
KL_Insect_0000307,Syrphidae,family,食蚜蠅科,,,,,,,
KL_Insect_0000308,Eublemma cochylioides,species,涓獵裳蛾,,,,,,,
KL_Insect_0000309,Cletus punctiger,species,稻棘緣蝽,,,,,,,
KL_Insect_0000310,Gonocephalum coenosum,species,角肩潛砂蟲,,,,,,,
KL_Reptile_0000001,Gekko hokouensis,species,鉛山壁虎,Animalia,Chordata,Reptilia,Squamata,Gekkonidae,Gekko, 
KL_Reptile_0000002,Laticauda semifasciata,species,闊帶青斑海蛇,,,,,,, 
KL_Reptile_0000003,Dermochelys coriacea,species,革龜,,,,,,, 
KL_Reptile_0000004,Chelonia mydas,species,綠蠵龜,,,,,,, 
KL_Reptile_0000005,Chelonia,genus,海龜屬,,,,,,,
KL_Plant_0000001,Cyrtomium falcatum,species,全緣貫眾蕨,Plantae,Tracheophyta,Polypodiopsida,Polypodiales,Dryopteridaceae,Cyrtomium, 
KL_Plant_0000002,Pteris fauriei var. fauriei,variety,傅氏鳳尾蕨,Plantae,Tracheophyta,Polypodiopsida,Polypodiales,Pteridaceae,Pteris,
KL_Plant_0000003,Haplopteris anguste-elongata,species,姬書帶蕨,Plantae,Tracheophyta,Polypodiopsida,Polypodiales,Pteridaceae,Haplopteris, 
KL_Plant_0000004,Odontosoria biflora,species,闊片烏蕨,Plantae,Tracheophyta,Polypodiopsida,Polypodiales,Lindsaeaceae,Odontosoria, 
KL_Plant_0000005,Nephrolepis biserrata,species,長葉腎蕨,Plantae,Tracheophyta,Polypodiopsida,Polypodiales,Nephrolepidaceae,Nephrolepis, 
KL_Plant_0000006,Tetragonia tetragonoides,species,番杏,Plantae,Tracheophyta,Magnoliopsida,Caryophyllales,Aizoaceae,Tetragonia, 
KL_Plant_0000007,Sagina japonica,species,瓜槌草,Plantae,Tracheophyta,Magnoliopsida,Caryophyllales,Caryophyllaceae,Sagina, 
KL_Plant_0000008,Morus australis,species,小葉桑,Plantae,Tracheophyta,Magnoliopsida,Rosales,Moraceae,Broussonetia, 
KL_Plant_0000009,Persicaria chinensis,species,火炭母草,Plantae,Tracheophyta,Magnoliopsida,Caryophyllales,Polygonaceae,Persicaria, 
KL_Plant_0000010,Rumex crispus,species,羊蹄,Plantae,Tracheophyta,Magnoliopsida,Caryophyllales,Polygonaceae,Rumex, 
KL_Plant_0000011,Cocculus orbiculatus,species,木防己,Plantae,Tracheophyta,Magnoliopsida,Ranunculales,Menispermaceae,Cocculus, 
KL_Plant_0000012,Boerhavia diffusa,species,黃細心,Plantae,Tracheophyta,Magnoliopsida,Caryophyllales,Nyctaginaceae,Boerhavia, 
KL_Plant_0000013,Boerhavia glabrata,species,光果黃細心,Plantae,Tracheophyta,Magnoliopsida,Caryophyllales,Nyctaginaceae,Boerhavia, 
KL_Plant_0000014,Portulaca oleracea,species,馬齒莧,Plantae,Tracheophyta,Magnoliopsida,Caryophyllales,Portulacaceae,Portulaca, 
KL_Plant_0000015,Portulaca pilosa,species,毛馬齒莧,Plantae,Tracheophyta,Magnoliopsida,Caryophyllales,Portulacaceae,Portulaca, 
KL_Plant_0000016,Chenopodium acuminatum,species,變葉藜,Plantae,Tracheophyta,Magnoliopsida,Caryophyllales,Amaranthaceae,Chenopodium, 
KL_Plant_0000017,Chenopodium ambrosioides,species,臭莧,,,,,,,Chenopodium ambrosioides L.
KL_Plant_0000018,Suaeda maritima,species,裸花鹼蓬,Plantae,Tracheophyta,Magnoliopsida,Caryophyllales,Amaranthaceae,Suaeda,Suaeda maritima (L.) Dum.
KL_Plant_0000019,Sedum formosanum,species,台灣佛甲草（石板菜）,Plantae,Tracheophyta,Magnoliopsida,Saxifragales,Crassulaceae,Sedum, 
KL_Plant_0000020,Oxalis corniculata,species,酢漿草,Plantae,Tracheophyta,Magnoliopsida,Oxalidales,Oxalidaceae,Oxalis, 
KL_Plant_0000021,Centella asiatica,species,雷公根,Plantae,Tracheophyta,Magnoliopsida,Apiales,Apiaceae,Centella, 
KL_Plant_0000022,Pittosporum tobira,species,海桐,Plantae,Tracheophyta,Magnoliopsida,Apiales,Pittosporaceae,Pittosporum, 
KL_Plant_0000023,Lysimachia mauritiana,species,茅毛珍珠菜,Plantae,Tracheophyta,Magnoliopsida,Ericales,Primulaceae,Lysimachia, 
KL_Plant_0000024,Hedyotis strigulosa,species,脈耳草,Plantae,Tracheophyta,Magnoliopsida,Gentianales,Rubiaceae,Hedyotis, 
KL_Plant_0000025,Morinda umbellata,species,繖花藤,Plantae,Tracheophyta,Magnoliopsida,Gentianales,Rubiaceae,Morinda, 
KL_Plant_0000026,Cuscuta australis,species,菟絲子,Plantae,Tracheophyta,Magnoliopsida,Solanales,Convolvulaceae,Cuscuta, 
KL_Plant_0000027,Dichondra micrantha,species,馬蹄金,Plantae,Tracheophyta,Magnoliopsida,Solanales,Convolvulaceae,Dichondra, 
KL_Plant_0000028,Ipomoea obscura,species,馬鞍藤,Plantae,Tracheophyta,Magnoliopsida,Solanales,Convolvulaceae,Ipomoea, 
KL_Plant_0000029,Callicarpa japonica,species,朝鮮紫珠,Plantae,Tracheophyta,Magnoliopsida,Lamiales,Lamiaceae,Callicarpa, 
KL_Plant_0000030,Leonurus japonicus,species,益母草,Plantae,Tracheophyta,Magnoliopsida,Lamiales,Lamiaceae,Leonurus, 
KL_Plant_0000031,Leucas mollissima,species,白花草,Plantae,Tracheophyta,Magnoliopsida,Lamiales,Lamiaceae,Leucas, 
KL_Plant_0000032,Corydalis racemosa,species,小花黃堇,Plantae,Tracheophyta,Magnoliopsida,Ranunculales,Papaveraceae,Corydalis, 
KL_Plant_0000033,Corydalis koidzumiana,species,密花黃堇,Plantae,Tracheophyta,Magnoliopsida,Ranunculales,Papaveraceae,Corydalis, 
KL_Plant_0000034,Scaevola sericea,species,草海桐,Plantae,Tracheophyta,Magnoliopsida,Asterales,Goodeniaceae,Scaevola, 
KL_Plant_0000035,Artemisia capillaris,species,茵陳蒿,Plantae,Tracheophyta,Magnoliopsida,Asterales,Asteraceae,Artemisia, 
KL_Plant_0000036,Bidens pilosa,species,大花咸豐草,Plantae,Tracheophyta,Magnoliopsida,Asterales,Asteraceae,Bidens, 
KL_Plant_0000037,Conyza bonariensis,species,美洲假蓬,Plantae,Tracheophyta,Magnoliopsida,Asterales,Asteraceae,Erigeron, 
KL_Plant_0000038,Conyza canadensis,species,加拿大蓬,Plantae,Tracheophyta,Magnoliopsida,Asterales,Asteraceae,Erigeron, 
KL_Plant_0000039,Conyza sumatrensis,species,野茼蒿,Plantae,Tracheophyta,Magnoliopsida,Asterales,Asteraceae,Conyza, 
KL_Plant_0000040,Crossostephium chinense,species,蘄艾,Plantae,Tracheophyta,Magnoliopsida,Asterales,Asteraceae,Crossostephium, 
KL_Plant_0000041,Emilia sonchifolia,species,紫背草,Plantae,Tracheophyta,Magnoliopsida,Asterales,Asteraceae,Emilia, 
KL_Plant_0000042,Erigeron bonariensis,species,野塘蒿,Plantae,Tracheophyta,Magnoliopsida,Asterales,Asteraceae,Erigeron, 
KL_Plant_0000043,Gnaphalium affine,species,鼠麴草,,,,,,, 
KL_Plant_0000044,Gnaphalium calviceps,species,直莖鼠麴草,Plantae,Tracheophyta,Magnoliopsida,Asterales,Asteraceae,Gamochaeta, 
KL_Plant_0000045,Gnaphalium purpureum,species,鼠麴舅,Plantae,Tracheophyta,Magnoliopsida,Asterales,Asteraceae,Gamochaeta, 
KL_Plant_0000046,Lactuca sororia,species,山萵苣,Plantae,Tracheophyta,Magnoliopsida,Asterales,Asteraceae,Paraprenanthes, 
KL_Plant_0000047,Pterocypsela formosana,species,台灣山萵苣,Plantae,Tracheophyta,Magnoliopsida,Asterales,Asteraceae,Lactuca, 
KL_Plant_0000048,Sonchus oleraceus,species,苦滇菜,Plantae,Tracheophyta,Magnoliopsida,Asterales,Asteraceae,Sonchus, 
KL_Plant_0000049,Wedelia biflora,species,雙花蟛蜞菊,,,,,,, 
KL_Plant_0000050,Wedelia prostrata var. prostrata,variety,天蓬草舅,Plantae,Tracheophyta,Magnoliopsida,Asterales,Asteraceae,Melanthera, 
KL_Plant_0000051,Wedelia prostrata var. robusta Makino,variety,大天蓬草舅,Plantae,Tracheophyta,Magnoliopsida,Asterales,Asteraceae,Melanthera, 
KL_Plant_0000052,Youngia japonica,species,黃鵪菜,Plantae,Tracheophyta,Magnoliopsida,Asterales,Asteraceae,Youngia, 
KL_Plant_0000053,Oenothera laciniata,species,裂葉月見草,Plantae,Tracheophyta,Magnoliopsida,Myrtales,Onagraceae,Oenothera, 
KL_Plant_0000054,Raphanus sativus,species,濱蘿蔔,Plantae,Tracheophyta,Magnoliopsida,Brassicales,Brassicaceae,Raphanus, 
KL_Plant_0000055,Canavalia rosea,species,濱刀豆,Plantae,Tracheophyta,Magnoliopsida,Fabales,Fabaceae,Canavalia, 
KL_Plant_0000056,Vigna marina,species,濱豇豆,Plantae,Tracheophyta,Magnoliopsida,Fabales,Fabaceae,Vigna, 
KL_Plant_0000057,Pilea peploides,species,齒葉矮冷水麻,Plantae,Tracheophyta,Magnoliopsida,Rosales,Urticaceae,Pilea, 
KL_Plant_0000058,Commelina communis,species,鴨跖草,Plantae,Tracheophyta,Liliopsida,Commelinales,Commelinaceae,Commelina, 
KL_Plant_0000059,Commelina diffusa,species,竹仔菜,Plantae,Tracheophyta,Liliopsida,Commelinales,Commelinaceae,Commelina, 
KL_Plant_0000060,Carex breviculmis,species,短莖宿柱薹,Plantae,Tracheophyta,Liliopsida,Poales,Cyperaceae,Carex, 
KL_Plant_0000061,Cyperus polystachyos,species,多柱扁莎,Plantae,Tracheophyta,Liliopsida,Poales,Cyperaceae,Cyperus, 
KL_Plant_0000062,Fimbristylis cymosa,species,乾溝飄拂草,Plantae,Tracheophyta,Liliopsida,Poales,Cyperaceae,Fimbristylis, 
KL_Plant_0000063,Fimbristylis dichotoma,species,竹子飄拂草,Plantae,Tracheophyta,Liliopsida,Poales,Cyperaceae,Fimbristylis, 
KL_Plant_0000064,Cyperus serotinus,species,水莎草,Plantae,Tracheophyta,Liliopsida,Poales,Cyperaceae,Cyperus,Cyperus serotinus Rottb.
KL_Plant_0000065,Kyllinga brevifolia,species,短葉水蜈蚣,,,,,,, 
KL_Plant_0000066,Brachiaria villosa,species,毛臂形草,Plantae,Tracheophyta,Liliopsida,Poales,Poaceae,Urochloa, 
KL_Plant_0000067,Cynodon dactylon,species,狗牙根,Plantae,Tracheophyta,Liliopsida,Poales,Poaceae,Cynodon, 
KL_Plant_0000068,Digitaria fauriei,species,佛歐里馬唐,Plantae,Tracheophyta,Liliopsida,Poales,Poaceae,Digitaria,Digitaria fauriei Ohwi
KL_Plant_0000069,Digitaria ciliaris,species,升馬唐,Plantae,Tracheophyta,Liliopsida,Poales,Poaceae,Digitaria, 
KL_Plant_0000070,Digitaria henryi,species,亨利馬唐,Plantae,Tracheophyta,Liliopsida,Poales,Poaceae,Digitaria, 
KL_Plant_0000071,Digitaria magna,species,大絨馬唐,Plantae,Tracheophyta,Liliopsida,Poales,Poaceae,Digitaria, 
KL_Plant_0000072,Digitaria mollicoma,species,絨馬唐,Plantae,Tracheophyta,Liliopsida,Poales,Poaceae,Digitaria, 
KL_Plant_0000073,Digitaria sanguinalis,species,馬唐,Plantae,Tracheophyta,Liliopsida,Poales,Poaceae,Digitaria, 
KL_Plant_0000074,Digitaria sericea,species,絹毛馬唐,Plantae,Tracheophyta,Liliopsida,Poales,Poaceae,Digitaria, 
KL_Plant_0000075,Imperata cylindrica var. major,variety,白茅,Plantae,Tracheophyta,Liliopsida,Poales,Poaceae,Imperata, 
KL_Plant_0000076,Paspalum dilatatum,species,毛花雀稗,Plantae,Tracheophyta,Liliopsida,Poales,Poaceae,Paspalum, 
KL_Plant_0000077,Paspalum distichum,species,雙穗雀稗,Plantae,Tracheophyta,Liliopsida,Poales,Poaceae,Paspalum, 
KL_Plant_0000078,Paspalum orbiculare,species,圓果雀稗,Plantae,Tracheophyta,Liliopsida,Poales,Poaceae,Paspalum, 
KL_Plant_0000079,Paspalum scrobiculatum,species,鴨姆草,Plantae,Tracheophyta,Liliopsida,Poales,Poaceae,Paspalum, 
KL_Plant_0000080,Paspalum vaginatum,species,海雀稗,Plantae,Tracheophyta,Liliopsida,Poales,Poaceae,Paspalum, 
KL_Plant_0000081,Pennisetum alopecuroides,species,狼尾草,,,,,,, 
KL_Plant_0000082,Eleusine indica,species,牛筋草,Plantae,Tracheophyta,Liliopsida,Poales,Poaceae,Eleusine, 
KL_Plant_0000083,Setaria geniculata,species,莠狗尾草,,,,,,, 
KL_Plant_0000084,Setaria viridis,species,狗尾草,Plantae,Tracheophyta,Liliopsida,Poales,Poaceae,Setaria, 
KL_Plant_0000085,Lepturus repens,species,細穗草,Plantae,Tracheophyta,Liliopsida,Poales,Poaceae,Lepturus, 
KL_Plant_0000086,Zoysia japonica,species,日本芝,Plantae,Tracheophyta,Liliopsida,Poales,Poaceae,Zoysia, 
KL_Plant_0000087,Zoysia sinica,species,中華結縷草,Plantae,Tracheophyta,Liliopsida,Poales,Poaceae,Zoysia, 
KL_Plant_0000088,Zoysia tenuifolia,species,高麗芝,Plantae,Tracheophyta,Liliopsida,Poales,Poaceae,Zoysia, 
KL_Plant_0000089,Lycianthes biflora,species,雙花龍葵,Plantae,Tracheophyta,Magnoliopsida,Solanales,Solanaceae,Lycianthes, 
KL_Plant_0000090,Terminalia catappa,species,欖仁,Plantae,Tracheophyta,Magnoliopsida,Myrtales,Combretaceae,Terminalia, 
KL_Plant_0000091,Pemphis acidula,species,水芫花,Plantae,Tracheophyta,Magnoliopsida,Myrtales,Lythraceae,Pemphis, 
KL_Plant_0000092,Wedelia prostrata,species,天蓬草舅,Plantae,Tracheophyta,Magnoliopsida,Asterales,Asteraceae,Melanthera, 
KL_Plant_0000093,Plantago virginica,species,毛車前草,,,,,,,
KL_Plant_0000094,Smilax china,species,菝葜,,,,,,,
