taxonID,occurrenceID,eventDate,year,month,day,eventTime,basisOfRecord,continent,country,locality,samplingProtocol,scientificName,taxonRank,vernacularName,individualCount,organismQuantityType,organismQuantity,georeferenceVerificationStatus,geodeticDatum,decimalLongitude,decimalLatitude,coordinatePrecision,coordinateUncertaintyInMeters,recordedBy,sex,lifeStage,reproductiveCondition,behavior,vitality,occurrenceStatus,occurrenceRemarks,associatedMedia,associatedReferences,dynamicProperties,verbatimEventDate
KL_Cetacean_0000001,2019-08-22_Cetacean_HumanObservation_0001,2019/8/22,2019,8,22,,HumanObservation,Asia,Taiwan,基隆到北方三島的海域,,Tursiops,genus,瓶鼻海豚,9,individuals,8~10,able to georeference,WGS84,122.08721,25.4006,0.000001,,台灣休閒漁業發展協會,,,,,,,,,2019年棉花嶼、花瓶嶼野生動物保護區巡護暨動植物生態調查委託案成果報告書,{mother-calf pairs:null},2019/8/22
KL_Cetacean_0000001,2019-11-12_Cetacean_HumanObservation_0002,2019/11/12,2019,11,12,,HumanObservation,Asia,Taiwan,基隆到北方三島的海域,,Tursiops,genus,瓶鼻海豚,2,individuals,2隻以上,able to georeference,WGS84,121.88797,25.20266,0.000001,,台灣休閒漁業發展協會,,,,,,,,,2019年棉花嶼、花瓶嶼野生動物保護區巡護暨動植物生態調查委託案成果報告書,{mother-calf pairs:null},2019/11/12
KL_Cetacean_0000005,2020-06-08_Cetacean_HumanObservation_0003,2020/6/8,2020,6,8,,HumanObservation,Asia,Taiwan,基隆到北方三島的海域,,Pseudorca crassidens,species,偽虎鯨,7,individuals,7,able to georeference,WGS84,121.94,25.39888,0.000001,,社團法人基隆市野鳥學會,,,,,,,,,2020年棉花嶼、花瓶嶼野生動物保護區巡護暨動植物生態調查委託案成果報告書 p.53,{mother-calf pairs:null},2020/6/8
KL_Cetacean_0000001,2020-07-03_Cetacean_HumanObservation_0004,2020/7/3,2020,7,3,,HumanObservation,Asia,Taiwan,基隆到北方三島的海域,,Tursiops,genus,瓶鼻海豚,10,individuals,10,able to georeference,WGS84,121.92718,25.33023,0.000001,,社團法人基隆市野鳥學會,,,,,,,,,2020年棉花嶼、花瓶嶼野生動物保護區巡護暨動植物生態調查委託案成果報告書 p.53,{mother-calf pairs:null},2020/7/3
KL_Cetacean_0000004,2020-08-19_Cetacean_HumanObservation_0005,2020/8/19,2020,8,19,,HumanObservation,Asia,Taiwan,基隆到北方三島的海域,,Delphinus capensis,species,長吻真海豚,20,individuals,20,able to georeference,WGS84,121.81043,25.23201,0.000001,,社團法人基隆市野鳥學會,,,,,,,,,2020年棉花嶼、花瓶嶼野生動物保護區巡護暨動植物生態調查委託案成果報告書 p.53,{mother-calf pairs:null},2020/8/19
KL_Cetacean_0000001,2020-09-14_Cetacean_HumanObservation_0007,2020/9/14,2020,9,14,,HumanObservation,Asia,Taiwan,基隆到北方三島的海域,,Tursiops,genus,瓶鼻海豚,2,individuals,2,able to georeference,WGS84,122.01276,25.41195,0.000001,,社團法人基隆市野鳥學會,,,,,,,,,2020年棉花嶼、花瓶嶼野生動物保護區巡護暨動植物生態調查委託案成果報告書 p.53,{mother-calf pairs:null},2020/9/14
KL_Cetacean_0000001,2020-09-14_Cetacean_HumanObservation_0008,2020/9/14,2020,9,14,,HumanObservation,Asia,Taiwan,基隆到北方三島的海域,,Tursiops,genus,瓶鼻海豚,3,individuals,3,able to georeference,WGS84,122.0328,25.43276,0.000001,,社團法人基隆市野鳥學會,,,,,,,,,2020年棉花嶼、花瓶嶼野生動物保護區巡護暨動植物生態調查委託案成果報告書 p.53,{mother-calf pairs:null},2020/9/14
KL_Cetacean_0000001,2020-09-14_Cetacean_HumanObservation_0009,2020/9/14,2020,9,14,,HumanObservation,Asia,Taiwan,基隆到北方三島的海域,,Tursiops,genus,瓶鼻海豚,10,individuals,10,able to georeference,WGS84,121.98433,25.50951,0.000001,,社團法人基隆市野鳥學會,,,,,,,,,2020年棉花嶼、花瓶嶼野生動物保護區巡護暨動植物生態調查委託案成果報告書 p.53,{mother-calf pairs:null},2020/9/14
KL_Cetacean_0000004,2020-09-14_Cetacean_HumanObservation_0006,2020/9/14,2020,9,14,,HumanObservation,Asia,Taiwan,基隆到北方三島的海域,,Delphinus capensis,species,長吻真海豚,15,individuals,15,able to georeference,WGS84,121.79343,25.21385,0.000001,,社團法人基隆市野鳥學會,,,,,,,,,2020年棉花嶼、花瓶嶼野生動物保護區巡護暨動植物生態調查委託案成果報告書 p.53,{mother-calf pairs:null},2020/9/14
KL_Cetacean_0000001,2021-03-30_Cetacean_HumanObservation_0010,2021/3/30,2021,3,30,,HumanObservation,Asia,Taiwan,基隆到北方三島的海域,,Tursiops,genus,瓶鼻海豚,9,individuals,9,able to georeference,WGS84,122.11654,25.48373,0.000001,,研海生態顧問股份有限公司,,,,,,,,,2021年棉花嶼、花瓶嶼野生動物保護區巡護暨動植物生態調查委託案成果報告書,{mother-calf pairs:null},2021/3/30
KL_Cetacean_0000001,2021-07-11_Cetacean_HumanObservation_0012,2021/7/11,2021,7,11,,HumanObservation,Asia,Taiwan,基隆到北方三島的海域,,Tursiops,genus,瓶鼻海豚,10,individuals,約10,able to georeference,WGS84,122.11654,25.48373,0.000001,,研海生態顧問股份有限公司,,,,,,,,,2021年棉花嶼、花瓶嶼野生動物保護區巡護暨動植物生態調查委託案成果報告書,{mother-calf pairs:null},2021/7/11
KL_Cetacean_0000001,2021-07-11_Cetacean_HumanObservation_0013,2021/7/11,2021,7,11,,HumanObservation,Asia,Taiwan,基隆到北方三島的海域,,Tursiops,genus,瓶鼻海豚,10,individuals,約10,able to georeference,WGS84,121.90882,25.34627,0.000001,,研海生態顧問股份有限公司,,,,,,,,,2021年棉花嶼、花瓶嶼野生動物保護區巡護暨動植物生態調查委託案成果報告書,{mother-calf pairs:null},2021/7/11
KL_Cetacean_0000003,2021-07-11_Cetacean_HumanObservation_0011,2021/7/11,2021,7,11,,HumanObservation,Asia,Taiwan,基隆到北方三島的海域,,Delphinus,genus,真海豚,20,individuals,約20,able to georeference,WGS84,121.80764,25.18978,0.000001,,研海生態顧問股份有限公司,,,,,,,,,2021年棉花嶼、花瓶嶼野生動物保護區巡護暨動植物生態調查委託案成果報告書,{mother-calf pairs:null},2021/7/11
KL_Cetacean_0000003,2021-08-26_Cetacean_HumanObservation_0014,2021/8/26,2021,8,26,,HumanObservation,Asia,Taiwan,基隆到北方三島的海域,,Delphinus,genus,真海豚,100,individuals,100以上,able to georeference,WGS84,121.80567,25.19192,0.000001,,研海生態顧問股份有限公司,,,,,,,,,2021年棉花嶼、花瓶嶼野生動物保護區巡護暨動植物生態調查委託案成果報告書,{mother-calf pairs:null},2021/8/26
KL_Cetacean_0000003,2021-08-26_Cetacean_HumanObservation_0015,2021/8/26,2021,8,26,,HumanObservation,Asia,Taiwan,基隆到北方三島的海域,,Delphinus,genus,真海豚,40,individuals,約40,able to georeference,WGS84,121.80652,25.2078,0.000001,,研海生態顧問股份有限公司,,,,,,,,,2021年棉花嶼、花瓶嶼野生動物保護區巡護暨動植物生態調查委託案成果報告書,{mother-calf pairs:null},2021/8/26
KL_Cetacean_0000001,2021-09-21_Cetacean_HumanObservation_0016,2021/9/21,2021,9,21,,HumanObservation,Asia,Taiwan,基隆到北方三島的海域,,Tursiops,genus,瓶鼻海豚,4,individuals,4~5,able to georeference,WGS84,121.95302,25.33974,0.000001,,研海生態顧問股份有限公司,,,,,,,,,2021年棉花嶼、花瓶嶼野生動物保護區巡護暨動植物生態調查委託案成果報告書,{mother-calf pairs:null},2021/9/21
KL_Cetacean_0000001,2021-09-21_Cetacean_HumanObservation_0017,2021/9/21,2021,9,21,,HumanObservation,Asia,Taiwan,基隆到北方三島的海域,,Tursiops,genus,瓶鼻海豚,35,individuals,30~40,able to georeference,WGS84,122.00669,25.43,0.000001,,研海生態顧問股份有限公司,,,,,,,,,2021年棉花嶼、花瓶嶼野生動物保護區巡護暨動植物生態調查委託案成果報告書,{mother-calf pairs:null},2021/9/21
KL_Cetacean_0000001,2022-03-15_Cetacean_HumanObservation_0020,2022/3/15,2022,3,15,,HumanObservation,Asia,Taiwan,基隆到北方三島的海域,,Tursiops,genus,瓶鼻海豚,4,individuals,4~5,able to georeference,WGS84,122.05455,25.52609,0.000001,,研海生態顧問股份有限公司,,,,游走,,,,,2022年棉花嶼、花瓶嶼野生動物保護區巡護暨動植物生態調查委託案成果報告,{mother-calf pairs:absent},2022/3/15
KL_Cetacean_0000001,2022-03-15_Cetacean_HumanObservation_0021,2022/3/15,2022,3,15,,HumanObservation,Asia,Taiwan,基隆到北方三島的海域,,Tursiops,genus,瓶鼻海豚,6,individuals,6~7,able to georeference,WGS84,122.08085,25.47797,0.000001,,研海生態顧問股份有限公司,,,,游走,,,,,2022年棉花嶼、花瓶嶼野生動物保護區巡護暨動植物生態調查委託案成果報告,{mother-calf pairs:absent},2022/3/15
KL_Cetacean_0000006,2022-03-15_Cetacean_HumanObservation_0023,2022/3/15,2022,3,15,,HumanObservation,Asia,Taiwan,基隆到北方三島的海域,,Cetacea,infraorder,未知鯨豚,6,individuals,6~7,able to georeference,WGS84,121.90239,25.32408,0.000001,,研海生態顧問股份有限公司,,,,游走,,,,,2022年棉花嶼、花瓶嶼野生動物保護區巡護暨動植物生態調查委託案成果報告,{mother-calf pairs:present},2022/3/15
KL_Cetacean_0000005,2022-03-15_Cetacean_HumanObservation_0019,2022/3/15,2022,3,15,,HumanObservation,Asia,Taiwan,基隆到北方三島的海域,,Pseudorca crassidens,species,偽虎鯨,9,individuals,8~10,able to georeference,WGS84,121.91831,25.297,0.000001,,研海生態顧問股份有限公司,,,,覓食、游走,,,,,2022年棉花嶼、花瓶嶼野生動物保護區巡護暨動植物生態調查委託案成果報告,{mother-calf pairs:absent},2022/3/15
KL_Cetacean_0000002,2022-03-15_Cetacean_HumanObservation_0022,2022/3/15,2022,3,15,,HumanObservation,Asia,Taiwan,基隆到北方三島的海域,,Tursiops truncatus,species,真瓶鼻海豚,11,individuals,10~12,able to georeference,WGS84,121.91433,25.31283,0.000001,,研海生態顧問股份有限公司,,,,游走,,,,,2022年棉花嶼、花瓶嶼野生動物保護區巡護暨動植物生態調查委託案成果報告,{mother-calf pairs:absent},2022/3/15
KL_Cetacean_0000003,2022-03-15_Cetacean_HumanObservation_0018,2022/3/15,2022,3,15,,HumanObservation,Asia,Taiwan,基隆到北方三島的海域,,Delphinus,genus,真海豚,175,individuals,150~200,able to georeference,WGS84,121.89292,25.29481,0.000001,,研海生態顧問股份有限公司,,,,覓食、游走,,,,,2022年棉花嶼、花瓶嶼野生動物保護區巡護暨動植物生態調查委託案成果報告,{mother-calf pairs:present},2022/3/15
KL_Cetacean_0000001,2022-06-04_Cetacean_HumanObservation_0024,2022/6/4,2022,6,4,,HumanObservation,Asia,Taiwan,基隆到北方三島的海域,,Tursiops,genus,瓶鼻海豚,3,individuals,3~4,able to georeference,WGS84,122.05433,25.43633,0.000001,,研海生態顧問股份有限公司,,,,游走,,,,,2022年棉花嶼、花瓶嶼野生動物保護區巡護暨動植物生態調查委託案成果報告,{mother-calf pairs:absent},2022/6/4
KL_Cetacean_0000006,2022-06-04_Cetacean_HumanObservation_0030,2022/6/4,2022,6,4,,HumanObservation,Asia,Taiwan,基隆到北方三島的海域,,Cetacea,infraorder,未知鯨豚,4,individuals,4~5,able to georeference,WGS84,121.85581,25.28031,0.000001,,研海生態顧問股份有限公司,,,,游走,,,,,2022年棉花嶼、花瓶嶼野生動物保護區巡護暨動植物生態調查委託案成果報告,{mother-calf pairs:unknown},2022/6/4
KL_Cetacean_0000001,2022-06-04_Cetacean_HumanObservation_0027,2022/6/4,2022,6,4,,HumanObservation,Asia,Taiwan,基隆到北方三島的海域,,Tursiops,genus,瓶鼻海豚,25,individuals,20~30,able to georeference,WGS84,122.03441,25.40821,0.000001,,研海生態顧問股份有限公司,,,,繞圈徘徊、覓食,,,,,2022年棉花嶼、花瓶嶼野生動物保護區巡護暨動植物生態調查委託案成果報告,{mother-calf pairs:absent},2022/6/4
KL_Cetacean_0000001,2022-06-04_Cetacean_HumanObservation_0028,2022/6/4,2022,6,4,,HumanObservation,Asia,Taiwan,基隆到北方三島的海域,,Tursiops,genus,瓶鼻海豚,45,individuals,40~50,able to georeference,WGS84,122.05054,25.41019,0.000001,,研海生態顧問股份有限公司,,,,游走、社交,,,,,2022年棉花嶼、花瓶嶼野生動物保護區巡護暨動植物生態調查委託案成果報告,{mother-calf pairs:present},2022/6/4
KL_Cetacean_0000001,2022-06-04_Cetacean_HumanObservation_0025,2022/6/4,2022,6,4,,HumanObservation,Asia,Taiwan,基隆到北方三島的海域,,Tursiops,genus,瓶鼻海豚,,individuals,無法判斷,able to georeference,WGS84,122.05103,25.42536,0.000001,,研海生態顧問股份有限公司,,,,游走,,,,,2022年棉花嶼、花瓶嶼野生動物保護區巡護暨動植物生態調查委託案成果報告,{mother-calf pairs:absent},2022/6/4
KL_Cetacean_0000001,2022-06-04_Cetacean_HumanObservation_0026,2022/6/4,2022,6,4,,HumanObservation,Asia,Taiwan,基隆到北方三島的海域,,Tursiops,genus,瓶鼻海豚,,individuals,無法判斷,able to georeference,WGS84,122.08085,25.47797,0.000001,,研海生態顧問股份有限公司,,,,覓食,,,,,2022年棉花嶼、花瓶嶼野生動物保護區巡護暨動植物生態調查委託案成果報告,{mother-calf pairs:absent},2022/6/4
KL_Cetacean_0000001,2022-06-04_Cetacean_HumanObservation_0029,2022/6/4,2022,6,4,,HumanObservation,Asia,Taiwan,基隆到北方三島的海域,,Tursiops,genus,瓶鼻海豚,,individuals,無法判斷,able to georeference,WGS84,122.10107,25.41261,0.000001,,研海生態顧問股份有限公司,,,,游走,,,,,2022年棉花嶼、花瓶嶼野生動物保護區巡護暨動植物生態調查委託案成果報告,{mother-calf pairs:unknown},2022/6/4
KL_Cetacean_0000001,2022-07-26_Cetacean_HumanObservation_0034,2022/7/26,2022,7,26,,HumanObservation,Asia,Taiwan,基隆到北方三島的海域,,Tursiops,genus,瓶鼻海豚,1,individuals,1,able to georeference,WGS84,122.11262,25.52015,0.000001,,研海生態顧問股份有限公司,,,,不知,,,,,2022年棉花嶼、花瓶嶼野生動物保護區巡護暨動植物生態調查委託案成果報告,{mother-calf pairs:absent},2022/7/26
KL_Cetacean_0000006,2022-07-26_Cetacean_HumanObservation_0037,2022/7/26,2022,7,26,,HumanObservation,Asia,Taiwan,基隆到北方三島的海域,,Cetacea,infraorder,未知鯨豚,1,individuals,1,able to georeference,WGS84,121.9371,25.26397,0.000001,,研海生態顧問股份有限公司,,,,不知,,,,,2022年棉花嶼、花瓶嶼野生動物保護區巡護暨動植物生態調查委託案成果報告,{mother-calf pairs:absent},2022/7/26
KL_Cetacean_0000001,2022-07-26_Cetacean_HumanObservation_0036,2022/7/26,2022,7,26,,HumanObservation,Asia,Taiwan,基隆到北方三島的海域,,Tursiops,genus,瓶鼻海豚,4,individuals,3~5,able to georeference,WGS84,122.13806,25.5335,0.000001,,研海生態顧問股份有限公司,,,,不知,,,,,2022年棉花嶼、花瓶嶼野生動物保護區巡護暨動植物生態調查委託案成果報告,{mother-calf pairs:absent},2022/7/26
KL_Cetacean_0000005,2022-07-26_Cetacean_HumanObservation_0032,2022/7/26,2022,7,26,,HumanObservation,Asia,Taiwan,基隆到北方三島的海域,,Pseudorca crassidens,species,偽虎鯨,6,individuals,5~8,able to georeference,WGS84,122.10949,25.54915,0.000001,,研海生態顧問股份有限公司,,,,繞圈徘徊,,,,,2022年棉花嶼、花瓶嶼野生動物保護區巡護暨動植物生態調查委託案成果報告,{mother-calf pairs:absent},2022/7/26
KL_Cetacean_0000003,2022-07-26_Cetacean_HumanObservation_0031,2022/7/26,2022,7,26,,HumanObservation,Asia,Taiwan,基隆到北方三島的海域,,Delphinus,genus,真海豚,175,individuals,150~200,able to georeference,WGS84,121.82925,25.18917,0.000001,,研海生態顧問股份有限公司,,,,游走,,,,,2022年棉花嶼、花瓶嶼野生動物保護區巡護暨動植物生態調查委託案成果報告,{mother-calf pairs:present},2022/7/26
KL_Cetacean_0000001,2022-07-26_Cetacean_HumanObservation_0035,2022/7/26,2022,7,26,,HumanObservation,Asia,Taiwan,基隆到北方三島的海域,,Tursiops,genus,瓶鼻海豚,25,individuals,20~30,able to georeference,WGS84,122.12775,25.52047,0.000001,,研海生態顧問股份有限公司,,,,游走,,,,,2022年棉花嶼、花瓶嶼野生動物保護區巡護暨動植物生態調查委託案成果報告,{mother-calf pairs:present},2022/7/26
KL_Cetacean_0000001,2022-07-26_Cetacean_HumanObservation_0033,2022/7/26,2022,7,26,,HumanObservation,Asia,Taiwan,基隆到北方三島的海域,,Tursiops,genus,瓶鼻海豚,90,individuals,80~100,able to georeference,WGS84,121.9371,25.26397,0.000001,,研海生態顧問股份有限公司,,,,覓食,,,,,2022年棉花嶼、花瓶嶼野生動物保護區巡護暨動植物生態調查委託案成果報告,{mother-calf pairs:present},2022/7/26
KL_Cetacean_0000002,2022-07-27_Cetacean_HumanObservation_0039,2022/7/27,2022,7,27,,HumanObservation,Asia,Taiwan,基隆到北方三島的海域,,Tursiops truncatus,species,真瓶鼻海豚,25,individuals,20~30,able to georeference,WGS84,121.93636,25.39721,0.000001,,研海生態顧問股份有限公司,,,,覓食,,,,,2022年棉花嶼、花瓶嶼野生動物保護區巡護暨動植物生態調查委託案成果報告,{mother-calf pairs:present},2022/7/27
KL_Cetacean_0000001,2022-07-27_Cetacean_HumanObservation_0038,2022/7/27,2022,7,27,,HumanObservation,Asia,Taiwan,基隆到北方三島的海域,,Tursiops,genus,瓶鼻海豚,35,individuals,30~40,able to georeference,WGS84,121.91146,25.28216,0.000001,,研海生態顧問股份有限公司,,,,游走,,,,,2022年棉花嶼、花瓶嶼野生動物保護區巡護暨動植物生態調查委託案成果報告,{mother-calf pairs:absent},2022/7/27
KL_Cetacean_0000006,2022-07-27_Cetacean_HumanObservation_0040,2022/7/27,2022,7,27,,HumanObservation,Asia,Taiwan,基隆到北方三島的海域,,Cetacea,infraorder,未知鯨豚,,individuals,無法判斷,able to georeference,WGS84,121.86551,25.20936,0.000001,,研海生態顧問股份有限公司,,,,不知,,,,,2022年棉花嶼、花瓶嶼野生動物保護區巡護暨動植物生態調查委託案成果報告,{mother-calf pairs:unknown},2022/7/27
KL_Cetacean_0000001,2022-09-30_Cetacean_HumanObservation_0041,2022/9/30,2022,9,30,,HumanObservation,Asia,Taiwan,基隆到北方三島的海域,,Tursiops,genus,瓶鼻海豚,22,individuals,18~25,able to georeference,WGS84,122.0079,25.41118,0.000001,,研海生態顧問股份有限公司,,,,游走,,,,,2022年棉花嶼、花瓶嶼野生動物保護區巡護暨動植物生態調查委託案成果報告,{mother-calf pairs:absent},2022/9/30
KL_Cetacean_0000001,2023-04-11_Cetacean_HumanObservation_0001,2023/4/11,2023,4,11,,HumanObservation,Asia,Taiwan,基隆到北方三島的海域,,Tursiops,genus,瓶鼻海豚,5,individuals,4~6,able to georeference,WGS84,122.0367,25.43526667,0.000001,,研海生態顧問股份有限公司,,,,覓食；游走,,,,,2023年棉花嶼、花瓶嶼野生動物保護區巡護暨生態調查委託案成果報告,{mother-calf pairs:null},2023/4/11
KL_Cetacean_0000001,2023-04-11_Cetacean_HumanObservation_0002,2023/4/11,2023,4,11,,HumanObservation,Asia,Taiwan,基隆到北方三島的海域,,Tursiops,genus,瓶鼻海豚,40,individuals,30~50,able to georeference,WGS84,122.0501306,25.43833056,0.000001,,研海生態顧問股份有限公司,,,,游走,,,,,2023年棉花嶼、花瓶嶼野生動物保護區巡護暨生態調查委託案成果報告,{mother-calf pairs:null},2023/4/11
KL_Cetacean_0000001,2023-04-11_Cetacean_HumanObservation_0003,2023/4/11,2023,4,11,,HumanObservation,Asia,Taiwan,基隆到北方三島的海域,,Tursiops,genus,瓶鼻海豚,18,individuals,15~20,able to georeference,WGS84,122.1194722,25.48286111,0.000001,,研海生態顧問股份有限公司,,,,游走,,,,,2023年棉花嶼、花瓶嶼野生動物保護區巡護暨生態調查委託案成果報告,{mother-calf pairs:null},2023/4/11
KL_Cetacean_0000001,2023-04-11_Cetacean_HumanObservation_0004,2023/4/11,2023,4,11,,HumanObservation,Asia,Taiwan,基隆到北方三島的海域,,Tursiops,genus,瓶鼻海豚,15,individuals,10~20,able to georeference,WGS84,122.1305194,25.48231944,0.000001,,研海生態顧問股份有限公司,,,,游走,,,,,2023年棉花嶼、花瓶嶼野生動物保護區巡護暨生態調查委託案成果報告,{mother-calf pairs:null},2023/4/11
KL_Cetacean_0000001,2023-04-11_Cetacean_HumanObservation_0005,2023/4/11,2023,4,11,,HumanObservation,Asia,Taiwan,基隆到北方三島的海域,,Tursiops,genus,瓶鼻海豚,15,individuals,10~20,able to georeference,WGS84,122.1180667,25.49746667,0.000001,,研海生態顧問股份有限公司,,,,游走,,,,,2023年棉花嶼、花瓶嶼野生動物保護區巡護暨生態調查委託案成果報告,{mother-calf pairs:null},2023/4/11
KL_Cetacean_0000003,2023-07-11_Cetacean_HumanObservation_0006,2023/7/11,2023,7,11,,HumanObservation,Asia,Taiwan,基隆到北方三島的海域,,Delphinus,genus,真海豚,35,individuals,30~40,able to georeference,WGS84,121.8165833,25.20488889,0.000001,,研海生態顧問股份有限公司,,,,覓食；游走,,,,,2023年棉花嶼、花瓶嶼野生動物保護區巡護暨生態調查委託案成果報告,{mother-calf pairs:null},2023/7/11
KL_Cetacean_0000001,2023-07-11_Cetacean_HumanObservation_0007,2023/7/11,2023,7,11,,HumanObservation,Asia,Taiwan,基隆到北方三島的海域,,Tursiops,genus,瓶鼻海豚,6,individuals,4~8,able to georeference,WGS84,121.8165833,25.20488889,0.000001,,研海生態顧問股份有限公司,,,,覓食；游走,,,,,2023年棉花嶼、花瓶嶼野生動物保護區巡護暨生態調查委託案成果報告,{mother-calf pairs:null},2023/7/11
KL_Cetacean_0000007,2023-07-11_Cetacean_HumanObservation_0008,2023/7/11,2023,7,11,,HumanObservation,Asia,Taiwan,基隆到北方三島的海域,,Delphinidae,family,海豚科,2,individuals,2~2,able to georeference,WGS84,121.9373,25.32061667,0.000001,,研海生態顧問股份有限公司,,,,不知,,,,,2023年棉花嶼、花瓶嶼野生動物保護區巡護暨生態調查委託案成果報告,{mother-calf pairs:null},2023/7/11
KL_Cetacean_0000001,2023-07-11_Cetacean_HumanObservation_0009,2023/7/11,2023,7,11,,HumanObservation,Asia,Taiwan,基隆到北方三島的海域,,Tursiops,genus,瓶鼻海豚,,individuals,無法判斷,able to georeference,WGS84,121.9995,25.3843,0.000001,,研海生態顧問股份有限公司,,,,不知,,,,,2023年棉花嶼、花瓶嶼野生動物保護區巡護暨生態調查委託案成果報告,{mother-calf pairs:unknown},2023/7/11
KL_Cetacean_0000001,2023-07-11_Cetacean_HumanObservation_0010,2023/7/11,2023,7,11,,HumanObservation,Asia,Taiwan,基隆到北方三島的海域,,Tursiops,genus,瓶鼻海豚,1,individuals,1~1,able to georeference,WGS84,122.0999333,25.4663,0.000001,,研海生態顧問股份有限公司,,,,不知,,,,,2023年棉花嶼、花瓶嶼野生動物保護區巡護暨生態調查委託案成果報告,{mother-calf pairs:unknown},2023/7/11
KL_Cetacean_0000005,2023-07-11_Cetacean_HumanObservation_0011,2023/7/11,2023,7,11,,HumanObservation,Asia,Taiwan,基隆到北方三島的海域,,Pseudorca crassidens,species,偽虎鯨,21,individuals,20~22,able to georeference,WGS84,122.0826111,25.47888889,0.000001,,研海生態顧問股份有限公司,,,,游走；社交,,,,,2023年棉花嶼、花瓶嶼野生動物保護區巡護暨生態調查委託案成果報告,{mother-calf pairs:present},2023/7/11
KL_Cetacean_0000001,2023-07-11_Cetacean_HumanObservation_0012,2023/7/11,2023,7,11,,HumanObservation,Asia,Taiwan,基隆到北方三島的海域,,Tursiops,genus,瓶鼻海豚,9,individuals,8~10,able to georeference,WGS84,121.9648833,25.434,0.000001,,研海生態顧問股份有限公司,,,,繞圈徘徊；社交,,,,,2023年棉花嶼、花瓶嶼野生動物保護區巡護暨生態調查委託案成果報告,{mother-calf pairs:present},2023/7/11
KL_Cetacean_0000003,2023-07-11_Cetacean_HumanObservation_0013,2023/7/11,2023,7,11,,HumanObservation,Asia,Taiwan,基隆到北方三島的海域,,Delphinus,genus,真海豚,23,individuals,20~25,able to georeference,WGS84,121.8325083,25.2561,0.000001,,研海生態顧問股份有限公司,,,,不知,,,,,2023年棉花嶼、花瓶嶼野生動物保護區巡護暨生態調查委託案成果報告,{mother-calf pairs:null},2023/7/11
KL_Cetacean_0000001,2023-08-21_Cetacean_HumanObservation_0014,2023/8/21,2023,8,21,,HumanObservation,Asia,Taiwan,基隆到北方三島的海域,,Tursiops,genus,瓶鼻海豚,45,individuals,40~50,able to georeference,WGS84,122.2529444,25.41302778,0.000001,,研海生態顧問股份有限公司,,,,遊走；其他(浮窺、全身跳出1次),,,,,2023年棉花嶼、花瓶嶼野生動物保護區巡護暨生態調查委託案成果報告,{mother-calf pairs:null},2023/8/21
KL_Cetacean_0000001,2023-08-21_Cetacean_HumanObservation_0015,2023/8/21,2023,8,21,,HumanObservation,Asia,Taiwan,基隆到北方三島的海域,,Tursiops,genus,瓶鼻海豚,13,individuals,10~15,able to georeference,WGS84,122.2486056,25.42582778,0.000001,,研海生態顧問股份有限公司,,,,游走,,,,,2023年棉花嶼、花瓶嶼野生動物保護區巡護暨生態調查委託案成果報告,{mother-calf pairs:null},2023/8/21
KL_Cetacean_0000001,2023-08-21_Cetacean_HumanObservation_0016,2023/8/21,2023,8,21,,HumanObservation,Asia,Taiwan,基隆到北方三島的海域,,Tursiops,genus,瓶鼻海豚,3,individuals,3~3,able to georeference,WGS84,121.9625194,25.43146389,0.000001,,研海生態顧問股份有限公司,,,,不知,,,,,2023年棉花嶼、花瓶嶼野生動物保護區巡護暨生態調查委託案成果報告,{mother-calf pairs:null},2023/8/21
KL_Cetacean_0000001,2023-09-18_Cetacean_HumanObservation_0017,2023/9/18,2023,9,18,,HumanObservation,Asia,Taiwan,基隆到北方三島的海域,,Tursiops,genus,瓶鼻海豚,360,individuals,300~420,able to georeference,WGS84,121.9223667,25.30876667,0.000001,,研海生態顧問股份有限公司,,,,游走,,,,,2023年棉花嶼、花瓶嶼野生動物保護區巡護暨生態調查委託案成果報告,{mother-calf pairs:present},2023/9/18
KL_Cetacean_0000001,2023-09-18_Cetacean_HumanObservation_0018,2023/9/18,2023,9,18,,HumanObservation,Asia,Taiwan,基隆到北方三島的海域,,Tursiops,genus,瓶鼻海豚,7,individuals,4~10,able to georeference,WGS84,122.0084167,25.39891667,0.000001,,研海生態顧問股份有限公司,,,,游走,,,,,2023年棉花嶼、花瓶嶼野生動物保護區巡護暨生態調查委託案成果報告,{mother-calf pairs:null},2023/9/18
KL_Cetacean_0000007,2023-09-18_Cetacean_HumanObservation_0019,2023/9/18,2023,9,18,,HumanObservation,Asia,Taiwan,基隆到北方三島的海域,,Delphinidae,family,海豚科,,individuals,無法判斷,able to georeference,WGS84,122.0084167,25.39891667,0.000001,,研海生態顧問股份有限公司,,,,不知,,,,,2023年棉花嶼、花瓶嶼野生動物保護區巡護暨生態調查委託案成果報告,{mother-calf pairs:unknown},2023/9/18
KL_Cetacean_0000002,2023-09-18_Cetacean_HumanObservation_0020,2023/9/18,2023,9,18,,HumanObservation,Asia,Taiwan,基隆到北方三島的海域,,Tursiops truncatus,species,真瓶鼻海豚,9,individuals,8~10,able to georeference,WGS84,122.1951833,25.50506667,0.000001,,研海生態顧問股份有限公司,,,,游走,,,,,2023年棉花嶼、花瓶嶼野生動物保護區巡護暨生態調查委託案成果報告,{mother-calf pairs:null},2023/9/18
KL_Cetacean_0000003,2024-05-27_Cetacean_HumanObservation_0001,2024/5/27,2024,5,27,,HumanObservation,Asia,Taiwan,基隆到北方三島的海域,,Delphinus,genus,真海豚,45,individuals,40~50,able to georeference,WGS84,121.826397,25.22288203,0.000001,,研海生態顧問股份有限公司,,,,游走；社交,,,,,2024年棉花嶼、花瓶嶼野生動物保護區巡護暨生態調查委託案成果報告,{mother-calf pairs:present},2024/5/27
KL_Cetacean_0000002,2024-05-27_Cetacean_HumanObservation_0002,2024/5/27,2024,5,27,,HumanObservation,Asia,Taiwan,基隆到北方三島的海域,,Tursiops truncatus,species,真瓶鼻海豚,2,individuals,2~2,able to georeference,WGS84,121.934564,25.39787899,0.000001,,研海生態顧問股份有限公司,,,,不知,,,混群,,2024年棉花嶼、花瓶嶼野生動物保護區巡護暨生態調查委託案成果報告,{mother-calf pairs:null},2024/5/27
KL_Cetacean_0000005,2024-05-27_Cetacean_HumanObservation_0003,2024/5/27,2024,5,27,,HumanObservation,Asia,Taiwan,基隆到北方三島的海域,,Pseudorca crassidens,species,偽虎鯨,25,individuals,20~30,able to georeference,WGS84,121.934564,25.39787899,0.000001,,研海生態顧問股份有限公司,,,,游走,,,混群,,2024年棉花嶼、花瓶嶼野生動物保護區巡護暨生態調查委託案成果報告,{mother-calf pairs:present},2024/5/27
KL_Cetacean_0000005,2024-05-27_Cetacean_HumanObservation_0004,2024/5/27,2024,5,27,,HumanObservation,Asia,Taiwan,基隆到北方三島的海域,,Pseudorca crassidens,species,偽虎鯨,25,individuals,20~30,able to georeference,WGS84,121.926685,25.38381902,0.000001,,研海生態顧問股份有限公司,,,,游走,,,重複目擊,,2024年棉花嶼、花瓶嶼野生動物保護區巡護暨生態調查委託案成果報告,{mother-calf pairs:present},2024/5/27
KL_Cetacean_0000002,2024-07-31_Cetacean_HumanObservation_0005,2024/7/31,2024,7,31,,HumanObservation,Asia,Taiwan,基隆到北方三島的海域,,Tursiops truncatus,species,真瓶鼻海豚,5,individuals,4~6,able to georeference,WGS84,122.229873,25.50202296,0.000001,,研海生態顧問股份有限公司,,,,不知,,,,,2024年棉花嶼、花瓶嶼野生動物保護區巡護暨生態調查委託案成果報告,{mother-calf pairs:present},2024/7/31
KL_Cetacean_0000002,2024-07-31_Cetacean_HumanObservation_0006,2024/7/31,2024,7,31,,HumanObservation,Asia,Taiwan,基隆到北方三島的海域,,Tursiops truncatus,species,真瓶鼻海豚,4,individuals,4~5,able to georeference,WGS84,122.237997,25.51676597,0.000001,,研海生態顧問股份有限公司,,,,不知,,,,,2024年棉花嶼、花瓶嶼野生動物保護區巡護暨生態調查委託案成果報告,{mother-calf pairs:unknown},2024/7/31
KL_Cetacean_0000002,2024-07-31_Cetacean_HumanObservation_0007,2024/7/31,2024,7,31,,HumanObservation,Asia,Taiwan,基隆到北方三島的海域,,Tursiops truncatus,species,真瓶鼻海豚,2,individuals,2~3,able to georeference,WGS84,122.246917,25.53949602,0.000001,,研海生態顧問股份有限公司,,,,不知,,,,,2024年棉花嶼、花瓶嶼野生動物保護區巡護暨生態調查委託案成果報告,{mother-calf pairs:present},2024/7/31
KL_Cetacean_0000002,2024-07-31_Cetacean_HumanObservation_0008,2024/7/31,2024,7,31,,HumanObservation,Asia,Taiwan,基隆到北方三島的海域,,Tursiops truncatus,species,真瓶鼻海豚,1,individuals,1,able to georeference,WGS84,122.184824,25.55586898,0.000001,,研海生態顧問股份有限公司,,,,不知,,,,,2024年棉花嶼、花瓶嶼野生動物保護區巡護暨生態調查委託案成果報告,{mother-calf pairs:unknown},2024/7/31
KL_Cetacean_0000002,2024-07-31_Cetacean_HumanObservation_0009,2024/7/31,2024,7,31,,HumanObservation,Asia,Taiwan,基隆到北方三島的海域,,Tursiops truncatus,species,真瓶鼻海豚,1,individuals,1,able to georeference,WGS84,122.173827,25.55186201,0.000001,,研海生態顧問股份有限公司,,,,游走,,,,,2024年棉花嶼、花瓶嶼野生動物保護區巡護暨生態調查委託案成果報告,{mother-calf pairs:unknown},2024/7/31
KL_Cetacean_0000002,2024-07-31_Cetacean_HumanObservation_0010,2024/7/31,2024,7,31,,HumanObservation,Asia,Taiwan,基隆到北方三島的海域,,Tursiops truncatus,species,真瓶鼻海豚,17,individuals,15~18,able to georeference,WGS84,122.17085,25.537,0.000001,,研海生態顧問股份有限公司,,,,覓食(疑似)；游走,,,,,2024年棉花嶼、花瓶嶼野生動物保護區巡護暨生態調查委託案成果報告,{mother-calf pairs:unknown},2024/7/31
KL_Cetacean_0000002,2024-09-12_Cetacean_HumanObservation_0011,2024/9/12,2024,9,12,,HumanObservation,Asia,Taiwan,基隆到北方三島的海域,,Tursiops truncatus,species,真瓶鼻海豚,4,individuals,4~5,able to georeference,WGS84,122.004804,25.39218399,0.000001,,研海生態顧問股份有限公司,,,,不知,,,,,2024年棉花嶼、花瓶嶼野生動物保護區巡護暨生態調查委託案成果報告,{mother-calf pairs:null},2024/9/12
KL_Cetacean_0000002,2024-09-12_Cetacean_HumanObservation_0012,2024/9/12,2024,9,12,,HumanObservation,Asia,Taiwan,基隆到北方三島的海域,,Tursiops truncatus,species,真瓶鼻海豚,13,individuals,15~20,able to georeference,WGS84,122.012102,25.460325,0.000001,,研海生態顧問股份有限公司,,,,游走,,,,,2024年棉花嶼、花瓶嶼野生動物保護區巡護暨生態調查委託案成果報告,{mother-calf pairs:unknown},2024/9/12
KL_Cetacean_0000003,2025-04-08_Cetacean_HumanObservation_0001,2025/4/8,2025,4,8,,HumanObservation,Asia,Taiwan,基隆到北方三島的海域,,Delphinus,genus,真海豚屬,30,individuals,20~40,able to georeference,WGS84,121.8097,25.1871,0.000001,,研海生態顧問股份有限公司,,,,覓食、游走,,,,,2025年棉花嶼、花瓶嶼野生動物保護區巡護暨生態調查委託案成果報告,{mother-calf pairs:present},2025/4/8
KL_Cetacean_0000002,2025-07-16_Cetacean_HumanObservation_0002,2025/7/16,2025,7,16,,HumanObservation,Asia,Taiwan,基隆到北方三島的海域,,Tursiops truncatus,species,真瓶鼻海豚,35,individuals,30~40,able to georeference,WGS84,122.063075,25.45225399,0.000001,,研海生態顧問股份有限公司,,,,游走,,,,,2025年棉花嶼、花瓶嶼野生動物保護區巡護暨生態調查委託案成果報告,{mother-calf pairs:null},2025/7/16
KL_Cetacean_0000008,2025-07-16_Cetacean_HumanObservation_0003,2025/7/16,2025,7,16,,HumanObservation,Asia,Taiwan,基隆到北方三島的海域,,Tursiops aduncus,species,印太瓶鼻海豚,18,individuals,15~20,able to georeference,WGS84,121.808975,25.19938102,0.000001,,研海生態顧問股份有限公司,,,,游走,,,,,2025年棉花嶼、花瓶嶼野生動物保護區巡護暨生態調查委託案成果報告,{mother-calf pairs:null},2025/7/16
KL_Cetacean_0000002,2025-08-19_Cetacean_HumanObservation_0004,2025/8/19,2025,8,19,,HumanObservation,Asia,Taiwan,基隆到北方三島的海域,,Tursiops truncatus,species,真瓶鼻海豚,5,individuals,4~5,able to georeference,WGS84,121.93958,25.32569,0.000001,,研海生態顧問股份有限公司,,,,游走,,,,,2025年棉花嶼、花瓶嶼野生動物保護區巡護暨生態調查委託案成果報告,{mother-calf pairs:null},2025/8/19
KL_Cetacean_0000002,2025-08-19_Cetacean_HumanObservation_0005,2025/8/19,2025,8,19,,HumanObservation,Asia,Taiwan,基隆到北方三島的海域,,Tursiops truncatus,species,真瓶鼻海豚,6,individuals,5~7,able to georeference,WGS84,121.99771,25.43135,0.000001,,研海生態顧問股份有限公司,,,,未知,,,,,2025年棉花嶼、花瓶嶼野生動物保護區巡護暨生態調查委託案成果報告,{mother-calf pairs:null},2025/8/19
