,id,basisOfRecord,dynamicProperties,occurrenceID,recordedBy,individualCount,organismQuantity,organismQuantityType,sex,lifeStage,reproductiveCondition,behavior,vitality,georeferenceVerificationStatus,associatedMedia,associatedReferences,occurrenceRemarks,eventDate,eventTime,year,month,day,verbatimEventDate,samplingProtocol,continent,country,locality,minimumDepthInMeters,maximumDepthInMeters,decimalLatitude,decimalLongitude,geodeticDatum,coordinateUncertaintyInMeters,coordinatePrecision,taxonID,scientificName,taxonRank,vernacularName
808,1994-00-00_Avian_棉花嶼_000079,HumanObservation,,1994-00-00_Avian_棉花嶼_000079,社團法人基隆市野鳥學會,1.0,,,,,,,,,nan,,,1994,,1994,,,1994-00-00,,Asia,Taiwan,棉花嶼,,,25.484834,122.105349,WGS84,400.0,1e-06,KL_Avian_0000079,Calonectris leucomelas,species,大水薙鳥
752,1994-00-00_Avian_棉花嶼_000023,HumanObservation,,1994-00-00_Avian_棉花嶼_000023,社團法人基隆市野鳥學會,1.0,,,,,,,,,nan,,,1994,,1994,,,1994-00-00,,Asia,Taiwan,棉花嶼,,,25.484834,122.105349,WGS84,400.0,1e-06,KL_Avian_0000079,Calonectris leucomelas,species,大水薙鳥
1665,2008-00-00_Avian_彭佳嶼_000121,HumanObservation,,2008-00-00_Avian_彭佳嶼_000121,中華民國珊瑚礁學會,1.0,,,,,,,,,nan,,,2008,,2008,,,2008-00-00,,Asia,Taiwan,彭佳嶼,,,25.628489,122.078981,WGS84,800.0,1e-06,KL_Avian_0000079,Calonectris leucomelas,species,大水薙鳥
2371,2009-00-00_Avian_基隆海域_000011,HumanObservation,,2009-00-00_Avian_基隆海域_000011,社團法人基隆市野鳥學會,1.0,,,,,,,,,nan,,,2009,,2009,,,2009-00-00,,Asia,Taiwan,基隆海域,,,25.379257,121.964444,WGS84,35000.0,1e-06,KL_Avian_0000079,Calonectris leucomelas,species,大水薙鳥
991,2010-00-00_Avian_棉花嶼_000262,HumanObservation,,2010-00-00_Avian_棉花嶼_000262,社團法人基隆市野鳥學會,1.0,,,,,,,,,nan,,,2010,,2010,,,2010-00-00,,Asia,Taiwan,棉花嶼,,,25.484834,122.105349,WGS84,400.0,1e-06,KL_Avian_0000079,Calonectris leucomelas,species,大水薙鳥
2385,2010-00-00_Avian_基隆海域_000025,HumanObservation,,2010-00-00_Avian_基隆海域_000025,社團法人基隆市野鳥學會,1.0,,,,,,,,,nan,,,2010,,2010,,,2010-00-00,,Asia,Taiwan,基隆海域,,,25.379257,121.964444,WGS84,35000.0,1e-06,KL_Avian_0000079,Calonectris leucomelas,species,大水薙鳥
1041,2011-00-00_Avian_棉花嶼_000312,HumanObservation,,2011-00-00_Avian_棉花嶼_000312,社團法人基隆市野鳥學會,1.0,,,,,,,,,nan,,,2011,,2011,,,2011-00-00,,Asia,Taiwan,棉花嶼,,,25.484834,122.105349,WGS84,400.0,1e-06,KL_Avian_0000079,Calonectris leucomelas,species,大水薙鳥
2398,2011-00-00_Avian_基隆海域_000038,HumanObservation,,2011-00-00_Avian_基隆海域_000038,社團法人基隆市野鳥學會,1.0,,,,,,,,,nan,,,2011,,2011,,,2011-00-00,,Asia,Taiwan,基隆海域,,,25.379257,121.964444,WGS84,35000.0,1e-06,KL_Avian_0000079,Calonectris leucomelas,species,大水薙鳥
2414,2012-00-00_Avian_基隆海域_000054,HumanObservation,,2012-00-00_Avian_基隆海域_000054,社團法人基隆市野鳥學會,1.0,,,,,,,,,nan,,,2012,,2012,,,2012-00-00,,Asia,Taiwan,基隆海域,,,25.379257,121.964444,WGS84,35000.0,1e-06,KL_Avian_0000079,Calonectris leucomelas,species,大水薙鳥
1075,2012-00-00_Avian_棉花嶼_000346,HumanObservation,,2012-00-00_Avian_棉花嶼_000346,社團法人基隆市野鳥學會,1.0,,,,,,,,,nan,,,2012,,2012,,,2012-00-00,,Asia,Taiwan,棉花嶼,,,25.484834,122.105349,WGS84,400.0,1e-06,KL_Avian_0000079,Calonectris leucomelas,species,大水薙鳥
2427,2013-00-00_Avian_基隆海域_000067,HumanObservation,,2013-00-00_Avian_基隆海域_000067,社團法人基隆市野鳥學會,1.0,,,,,,,,,nan,,,2013,,2013,,,2013-00-00,,Asia,Taiwan,基隆海域,,,25.379257,121.964444,WGS84,35000.0,1e-06,KL_Avian_0000079,Calonectris leucomelas,species,大水薙鳥
1111,2013-00-00_Avian_棉花嶼_000382,HumanObservation,,2013-00-00_Avian_棉花嶼_000382,社團法人基隆市野鳥學會,1.0,,,,,,,,,nan,,,2013,,2013,,,2013-00-00,,Asia,Taiwan,棉花嶼,,,25.484834,122.105349,WGS84,400.0,1e-06,KL_Avian_0000079,Calonectris leucomelas,species,大水薙鳥
1144,2014-00-00_Avian_棉花嶼_000415,HumanObservation,,2014-00-00_Avian_棉花嶼_000415,社團法人基隆市野鳥學會,1.0,,,,,,,,,nan,,,2014,,2014,,,2014-00-00,,Asia,Taiwan,棉花嶼,,,25.484834,122.105349,WGS84,400.0,1e-06,KL_Avian_0000079,Calonectris leucomelas,species,大水薙鳥
2444,2014-00-00_Avian_基隆海域_000084,HumanObservation,,2014-00-00_Avian_基隆海域_000084,社團法人基隆市野鳥學會,1.0,,,,,,,,,nan,,,2014,,2014,,,2014-00-00,,Asia,Taiwan,基隆海域,,,25.379257,121.964444,WGS84,35000.0,1e-06,KL_Avian_0000079,Calonectris leucomelas,species,大水薙鳥
2463,2015-00-00_Avian_基隆海域_000103,HumanObservation,,2015-00-00_Avian_基隆海域_000103,社團法人基隆市野鳥學會,1.0,,,,,,,,,nan,,,2015,,2015,,,2015-00-00,,Asia,Taiwan,基隆海域,,,25.379257,121.964444,WGS84,35000.0,1e-06,KL_Avian_0000079,Calonectris leucomelas,species,大水薙鳥
1201,2015-00-00_Avian_棉花嶼_000472,HumanObservation,,2015-00-00_Avian_棉花嶼_000472,社團法人基隆市野鳥學會,1.0,,,,,,,,,nan,,,2015,,2015,,,2015-00-00,,Asia,Taiwan,棉花嶼,,,25.484834,122.105349,WGS84,400.0,1e-06,KL_Avian_0000079,Calonectris leucomelas,species,大水薙鳥
1258,2016-00-00_Avian_棉花嶼_000529,HumanObservation,,2016-00-00_Avian_棉花嶼_000529,社團法人基隆市野鳥學會,1.0,,,,,,,,,nan,,,2016,,2016,,,2016-00-00,,Asia,Taiwan,棉花嶼,,,25.484834,122.105349,WGS84,400.0,1e-06,KL_Avian_0000079,Calonectris leucomelas,species,大水薙鳥
2479,2016-00-00_Avian_基隆海域_000119,HumanObservation,,2016-00-00_Avian_基隆海域_000119,社團法人基隆市野鳥學會,1.0,,,,,,,,,nan,,,2016,,2016,,,2016-00-00,,Asia,Taiwan,基隆海域,,,25.379257,121.964444,WGS84,35000.0,1e-06,KL_Avian_0000079,Calonectris leucomelas,species,大水薙鳥
2494,2017-00-00_Avian_基隆海域_000134,HumanObservation,,2017-00-00_Avian_基隆海域_000134,社團法人基隆市野鳥學會,1.0,,,,,,,,,nan,,,2017,,2017,,,2017-00-00,,Asia,Taiwan,基隆海域,,,25.379257,121.964444,WGS84,35000.0,1e-06,KL_Avian_0000079,Calonectris leucomelas,species,大水薙鳥
1312,2017-00-00_Avian_棉花嶼_000583,HumanObservation,,2017-00-00_Avian_棉花嶼_000583,社團法人基隆市野鳥學會,1.0,,,,,,,,,nan,,,2017,,2017,,,2017-00-00,,Asia,Taiwan,棉花嶼,,,25.484834,122.105349,WGS84,400.0,1e-06,KL_Avian_0000079,Calonectris leucomelas,species,大水薙鳥
2509,2018-00-00_Avian_基隆海域_000149,HumanObservation,,2018-00-00_Avian_基隆海域_000149,社團法人基隆市野鳥學會,1.0,,,,,,,,,nan,,,2018,,2018,,,2018-00-00,,Asia,Taiwan,基隆海域,,,25.379257,121.964444,WGS84,35000.0,1e-06,KL_Avian_0000079,Calonectris leucomelas,species,大水薙鳥
1357,2018-00-00_Avian_棉花嶼_000628,HumanObservation,,2018-00-00_Avian_棉花嶼_000628,社團法人基隆市野鳥學會,1.0,,,,,,,,,nan,,,2018,,2018,,,2018-00-00,,Asia,Taiwan,棉花嶼,,,25.484834,122.105349,WGS84,400.0,1e-06,KL_Avian_0000079,Calonectris leucomelas,species,大水薙鳥
1399,2019-00-00_Avian_棉花嶼_000670,HumanObservation,,2019-00-00_Avian_棉花嶼_000670,台灣休閒漁業發展協會,1.0,,,,,,,,,nan,,,2019,,2019,,,2019-00-00,,Asia,Taiwan,棉花嶼,,,25.484834,122.105349,WGS84,400.0,1e-06,KL_Avian_0000079,Calonectris leucomelas,species,大水薙鳥
2522,2019-00-00_Avian_基隆海域_000162,HumanObservation,,2019-00-00_Avian_基隆海域_000162,台灣休閒漁業發展協會,1.0,,,,,,,,,nan,,,2019,,2019,,,2019-00-00,,Asia,Taiwan,基隆海域,,,25.379257,121.964444,WGS84,35000.0,1e-06,KL_Avian_0000079,Calonectris leucomelas,species,大水薙鳥
2534,2020-00-00_Avian_基隆海域_000174,HumanObservation,,2020-00-00_Avian_基隆海域_000174,社團法人基隆市野鳥學會,1.0,,,,,,,,,nan,,,2020,,2020,,,2020-00-00,,Asia,Taiwan,基隆海域,,,25.379257,121.964444,WGS84,35000.0,1e-06,KL_Avian_0000079,Calonectris leucomelas,species,大水薙鳥
1426,2020-00-00_Avian_棉花嶼_000697,HumanObservation,,2020-00-00_Avian_棉花嶼_000697,社團法人基隆市野鳥學會,1.0,,,,,,,,,nan,,,2020,,2020,,,2020-00-00,,Asia,Taiwan,棉花嶼,,,25.484834,122.105349,WGS84,400.0,1e-06,KL_Avian_0000079,Calonectris leucomelas,species,大水薙鳥
289,2021-03-30_Avian_基隆海域_279,HumanObservation,,2021-03-30_Avian_基隆海域_279,研海生態顧問股份有限公司,1.0,,,,,,,,,nan,,,2021-03-30,07:16,2021,3.0,30.0,2021-03-30,,Asia,Taiwan,基隆海域,,,25.329733,121.946729,WGS84,1.0,1e-06,KL_Avian_0000079,Calonectris leucomelas,species,大水薙鳥
302,2021-03-30_Avian_基隆海域_292,HumanObservation,,2021-03-30_Avian_基隆海域_292,研海生態顧問股份有限公司,2.0,,,,,,,,,nan,,,2021-03-30,08:28,2021,3.0,30.0,2021-03-30,,Asia,Taiwan,基隆海域,,,25.467787,122.074298,WGS84,1.0,1e-06,KL_Avian_0000079,Calonectris leucomelas,species,大水薙鳥
403,2021-07-11_Avian_基隆海域_393,HumanObservation,,2021-07-11_Avian_基隆海域_393,研海生態顧問股份有限公司,1.0,,,,,,,,,nan,,,2021-07-11,14:42,2021,7.0,11.0,2021-07-11,,Asia,Taiwan,基隆海域,,,25.337884,121.910079,WGS84,1.0,1e-06,KL_Avian_0000079,Calonectris leucomelas,species,大水薙鳥
424,2021-08-27_Avian_基隆海域_414,HumanObservation,,2021-08-27_Avian_基隆海域_414,研海生態顧問股份有限公司,1.0,,,,,,,,,nan,,,2021-08-27,11:53,2021,8.0,27.0,2021-08-27,,Asia,Taiwan,基隆海域,,,25.234264,121.831961,WGS84,1.0,1e-06,KL_Avian_0000079,Calonectris leucomelas,species,大水薙鳥
493,2021-08-27_Avian_基隆海域_483,HumanObservation,,2021-08-27_Avian_基隆海域_483,研海生態顧問股份有限公司,1.0,,,,,,,,,nan,,,2021-08-27,10:34,2021,8.0,27.0,2021-08-27,,Asia,Taiwan,基隆海域,,,25.295426,121.835082,WGS84,1.0,1e-06,KL_Avian_0000079,Calonectris leucomelas,species,大水薙鳥
492,2021-08-27_Avian_基隆海域_482,HumanObservation,,2021-08-27_Avian_基隆海域_482,研海生態顧問股份有限公司,1.0,,,,,,,,,nan,,,2021-08-27,10:19,2021,8.0,27.0,2021-08-27,,Asia,Taiwan,基隆海域,,,25.33366,121.866095,WGS84,1.0,1e-06,KL_Avian_0000079,Calonectris leucomelas,species,大水薙鳥
491,2021-08-27_Avian_基隆海域_481,HumanObservation,,2021-08-27_Avian_基隆海域_481,研海生態顧問股份有限公司,1.0,,,,,,,,,nan,,,2021-08-27,10:16,2021,8.0,27.0,2021-08-27,,Asia,Taiwan,基隆海域,,,25.336767,121.869858,WGS84,1.0,1e-06,KL_Avian_0000079,Calonectris leucomelas,species,大水薙鳥
432,2021-08-27_Avian_基隆海域_422,HumanObservation,,2021-08-27_Avian_基隆海域_422,研海生態顧問股份有限公司,1.0,,,,,,,,,nan,,,2021-08-27,12:17,2021,8.0,27.0,2021-08-27,,Asia,Taiwan,基隆海域,,,25.278253,121.876607,WGS84,1.0,1e-06,KL_Avian_0000079,Calonectris leucomelas,species,大水薙鳥
429,2021-08-27_Avian_基隆海域_419,HumanObservation,,2021-08-27_Avian_基隆海域_419,研海生態顧問股份有限公司,3.0,,,,,,,,,nan,,,2021-08-27,12:16,2021,8.0,27.0,2021-08-27,,Asia,Taiwan,基隆海域,,,25.275291,121.873781,WGS84,1.0,1e-06,KL_Avian_0000079,Calonectris leucomelas,species,大水薙鳥
427,2021-08-27_Avian_基隆海域_417,HumanObservation,,2021-08-27_Avian_基隆海域_417,研海生態顧問股份有限公司,2.0,,,,,,,,,nan,,,2021-08-27,12:14,2021,8.0,27.0,2021-08-27,,Asia,Taiwan,基隆海域,,,25.272972,121.871476,WGS84,1.0,1e-06,KL_Avian_0000079,Calonectris leucomelas,species,大水薙鳥
448,2021-08-27_Avian_基隆海域_438,HumanObservation,,2021-08-27_Avian_基隆海域_438,研海生態顧問股份有限公司,2.0,,,,,,,,,nan,,,2021-08-27,13:08,2021,8.0,27.0,2021-08-27,,Asia,Taiwan,基隆海域,,,25.372076,121.978494,WGS84,1.0,1e-06,KL_Avian_0000079,Calonectris leucomelas,species,大水薙鳥
449,2021-08-27_Avian_基隆海域_439,HumanObservation,,2021-08-27_Avian_基隆海域_439,研海生態顧問股份有限公司,1.0,,,,,,,,,nan,,,2021-08-27,13:08,2021,8.0,27.0,2021-08-27,,Asia,Taiwan,基隆海域,,,25.373031,121.979586,WGS84,1.0,1e-06,KL_Avian_0000079,Calonectris leucomelas,species,大水薙鳥
543,2021-09-21_Avian_基隆海域_533,HumanObservation,,2021-09-21_Avian_基隆海域_533,研海生態顧問股份有限公司,1.0,,,,,,,,,nan,,,2021-09-21,07:59,2021,9.0,21.0,2021-09-21,,Asia,Taiwan,基隆海域,,,25.405339,122.010598,WGS84,1.0,1e-06,KL_Avian_0000079,Calonectris leucomelas,species,大水薙鳥
539,2021-09-21_Avian_基隆海域_529,HumanObservation,,2021-09-21_Avian_基隆海域_529,研海生態顧問股份有限公司,1.0,,,,,,,,,nan,,,2021-09-21,07:48,2021,9.0,21.0,2021-09-21,,Asia,Taiwan,基隆海域,,,25.38184,121.98935,WGS84,1.0,1e-06,KL_Avian_0000079,Calonectris leucomelas,species,大水薙鳥
547,2021-09-21_Avian_基隆海域_537,HumanObservation,,2021-09-21_Avian_基隆海域_537,研海生態顧問股份有限公司,1.0,,,,,,,,,nan,,,2021-09-21,08:15,2021,9.0,21.0,2021-09-21,,Asia,Taiwan,基隆海域,,,25.439978,122.042072,WGS84,1.0,1e-06,KL_Avian_0000079,Calonectris leucomelas,species,大水薙鳥
549,2021-09-21_Avian_基隆海域_539,HumanObservation,,2021-09-21_Avian_基隆海域_539,研海生態顧問股份有限公司,1.0,,,,,,,,,nan,,,2021-09-21,08:16,2021,9.0,21.0,2021-09-21,,Asia,Taiwan,基隆海域,,,25.442144,122.043973,WGS84,1.0,1e-06,KL_Avian_0000079,Calonectris leucomelas,species,大水薙鳥
606,2021-09-21_Avian_基隆海域_596,HumanObservation,,2021-09-21_Avian_基隆海域_596,研海生態顧問股份有限公司,1.0,,,,,,,,,nan,,,2021-09-21,12:44,2021,9.0,21.0,2021-09-21,,Asia,Taiwan,基隆海域,,,25.432121,122.005856,WGS84,1.0,1e-06,KL_Avian_0000079,Calonectris leucomelas,species,大水薙鳥
641,2021-09-21_Avian_基隆海域_631,HumanObservation,,2021-09-21_Avian_基隆海域_631,研海生態顧問股份有限公司,1.0,,,,,,,,,nan,,,2021-09-21,15:24,2021,9.0,21.0,2021-09-21,,Asia,Taiwan,基隆海域,,,25.218063,121.84099,WGS84,1.0,1e-06,KL_Avian_0000079,Calonectris leucomelas,species,大水薙鳥
640,2021-09-21_Avian_基隆海域_630,HumanObservation,,2021-09-21_Avian_基隆海域_630,研海生態顧問股份有限公司,1.0,,,,,,,,,nan,,,2021-09-21,15:21,2021,9.0,21.0,2021-09-21,,Asia,Taiwan,基隆海域,,,25.225412,121.845242,WGS84,1.0,1e-06,KL_Avian_0000079,Calonectris leucomelas,species,大水薙鳥
635,2021-09-21_Avian_基隆海域_625,HumanObservation,,2021-09-21_Avian_基隆海域_625,研海生態顧問股份有限公司,2.0,,,,,,,,,nan,,,2021-09-21,14:58,2021,9.0,21.0,2021-09-21,,Asia,Taiwan,基隆海域,,,25.264976,121.872,WGS84,1.0,1e-06,KL_Avian_0000079,Calonectris leucomelas,species,大水薙鳥
522,2021-09-21_Avian_基隆海域_512,HumanObservation,,2021-09-21_Avian_基隆海域_512,研海生態顧問股份有限公司,1.0,,,,,,,,,nan,,,2021-09-21,06:55,2021,9.0,21.0,2021-09-21,,Asia,Taiwan,基隆海域,,,25.29836,121.914778,WGS84,1.0,1e-06,KL_Avian_0000079,Calonectris leucomelas,species,大水薙鳥
521,2021-09-21_Avian_基隆海域_511,HumanObservation,,2021-09-21_Avian_基隆海域_511,研海生態顧問股份有限公司,1.0,,,,,,,,,nan,,,2021-09-21,06:50,2021,9.0,21.0,2021-09-21,,Asia,Taiwan,基隆海域,,,25.288965,121.905772,WGS84,1.0,1e-06,KL_Avian_0000079,Calonectris leucomelas,species,大水薙鳥
525,2021-09-21_Avian_基隆海域_515,HumanObservation,,2021-09-21_Avian_基隆海域_515,研海生態顧問股份有限公司,1.0,,,,,,,,,nan,,,2021-09-21,07:04,2021,9.0,21.0,2021-09-21,,Asia,Taiwan,基隆海域,,,25.314964,121.930462,WGS84,1.0,1e-06,KL_Avian_0000079,Calonectris leucomelas,species,大水薙鳥
35,2022-03-15_Avian_基隆海域_25,HumanObservation,"{heightInMeters:1, distanceInMeters:200, azimuth:NE, angleWithShip:11}",2022-03-15_Avian_基隆海域_25,研海生態顧問股份有限公司,1.0,,,,,,飛行,,,nan,,,2022-03-15,15:57,2022,3.0,15.0,2022-03-15,,Asia,Taiwan,基隆海域,,,25.2845,121.897139,WGS84,1.0,1e-06,KL_Avian_0000079,Calonectris leucomelas,species,大水薙鳥
36,2022-03-15_Avian_基隆海域_26,HumanObservation,"{heightInMeters:1, distanceInMeters:300, azimuth:SE, angleWithShip:11}",2022-03-15_Avian_基隆海域_26,研海生態顧問股份有限公司,2.0,,,,,,飛行,,,nan,,,2022-03-15,16:11,2022,3.0,15.0,2022-03-15,,Asia,Taiwan,基隆海域,,,25.29025,121.890167,WGS84,1.0,1e-06,KL_Avian_0000079,Calonectris leucomelas,species,大水薙鳥
37,2022-03-15_Avian_基隆海域_27,HumanObservation,"{heightInMeters:1, distanceInMeters:250, azimuth:SE, angleWithShip:1}",2022-03-15_Avian_基隆海域_27,研海生態顧問股份有限公司,1.0,,,,,,飛行,,,nan,,,2022-03-15,16:16,2022,3.0,15.0,2022-03-15,,Asia,Taiwan,基隆海域,,,25.279472,121.883167,WGS84,1.0,1e-06,KL_Avian_0000079,Calonectris leucomelas,species,大水薙鳥
32,2022-03-15_Avian_基隆海域_22,HumanObservation,"{heightInMeters:1, distanceInMeters:400, azimuth:NW, angleWithShip:11}",2022-03-15_Avian_基隆海域_22,研海生態顧問股份有限公司,7.0,,,,,,飛行,,,nan,,,2022-03-15,14:44,2022,3.0,15.0,2022-03-15,,Asia,Taiwan,基隆海域,,,25.3395,121.905139,WGS84,1.0,1e-06,KL_Avian_0000079,Calonectris leucomelas,species,大水薙鳥
31,2022-03-15_Avian_基隆海域_21,HumanObservation,"{heightInMeters:1, distanceInMeters:400, azimuth:SE, angleWithShip:12}",2022-03-15_Avian_基隆海域_21,研海生態顧問股份有限公司,1.0,,,,,,飛行,,,nan,,,2022-03-15,14:40,2022,3.0,15.0,2022-03-15,,Asia,Taiwan,基隆海域,,,25.349667,121.909861,WGS84,1.0,1e-06,KL_Avian_0000079,Calonectris leucomelas,species,大水薙鳥
12,2022-03-15_Avian_基隆海域_02,HumanObservation,"{heightInMeters:1, distanceInMeters:200, azimuth:E, angleWithShip:11}",2022-03-15_Avian_基隆海域_02,研海生態顧問股份有限公司,4.0,,,,,,飛行,,,nan,,,2022-03-15,07:28,2022,3.0,15.0,2022-03-15,,Asia,Taiwan,基隆海域,,,25.325472,121.952917,WGS84,1.0,1e-06,KL_Avian_0000079,Calonectris leucomelas,species,大水薙鳥
13,2022-03-15_Avian_基隆海域_03,HumanObservation,"{heightInMeters:1, distanceInMeters:300, azimuth:E, angleWithShip:11}",2022-03-15_Avian_基隆海域_03,研海生態顧問股份有限公司,1.0,,,,,,飛行,,,nan,,,2022-03-15,07:31,2022,3.0,15.0,2022-03-15,,Asia,Taiwan,基隆海域,,,25.331778,121.957306,WGS84,1.0,1e-06,KL_Avian_0000079,Calonectris leucomelas,species,大水薙鳥
14,2022-03-15_Avian_基隆海域_04,HumanObservation,"{heightInMeters:1, distanceInMeters:300, azimuth:E, angleWithShip:11}",2022-03-15_Avian_基隆海域_04,研海生態顧問股份有限公司,1.0,,,,,,飛行,,,nan,,,2022-03-15,07:32,2022,3.0,15.0,2022-03-15,,Asia,Taiwan,基隆海域,,,25.334889,121.959472,WGS84,1.0,1e-06,KL_Avian_0000079,Calonectris leucomelas,species,大水薙鳥
15,2022-03-15_Avian_基隆海域_05,HumanObservation,"{heightInMeters:1, distanceInMeters:200, azimuth:E, angleWithShip:10}",2022-03-15_Avian_基隆海域_05,研海生態顧問股份有限公司,1.0,,,,,,飛行,,,nan,,,2022-03-15,07:34,2022,3.0,15.0,2022-03-15,,Asia,Taiwan,基隆海域,,,25.339611,121.962639,WGS84,1.0,1e-06,KL_Avian_0000079,Calonectris leucomelas,species,大水薙鳥
16,2022-03-15_Avian_基隆海域_06,HumanObservation,"{heightInMeters:1, distanceInMeters:300, azimuth:E, angleWithShip:10}",2022-03-15_Avian_基隆海域_06,研海生態顧問股份有限公司,2.0,,,,,,飛行,,,nan,,,2022-03-15,07:46,2022,3.0,15.0,2022-03-15,,Asia,Taiwan,基隆海域,,,25.37125,121.98325,WGS84,1.0,1e-06,KL_Avian_0000079,Calonectris leucomelas,species,大水薙鳥
18,2022-03-15_Avian_基隆海域_08,HumanObservation,"{heightInMeters:1, distanceInMeters:300, azimuth:S, angleWithShip:3}",2022-03-15_Avian_基隆海域_08,研海生態顧問股份有限公司,1.0,,,,,,飛行,,,nan,,,2022-03-15,09:11,2022,3.0,15.0,2022-03-15,,Asia,Taiwan,基隆海域,,,25.487917,122.115111,WGS84,1.0,1e-06,KL_Avian_0000079,Calonectris leucomelas,species,大水薙鳥
17,2022-03-15_Avian_基隆海域_07,HumanObservation,"{heightInMeters:1, distanceInMeters:300, azimuth:E, angleWithShip:11}",2022-03-15_Avian_基隆海域_07,研海生態顧問股份有限公司,2.0,,,,,,飛行,,,nan,,,2022-03-15,08:03,2022,3.0,15.0,2022-03-15,,Asia,Taiwan,基隆海域,,,25.410667,122.011583,WGS84,1.0,1e-06,KL_Avian_0000079,Calonectris leucomelas,species,大水薙鳥
28,2022-03-15_Avian_基隆海域_18,HumanObservation,"{heightInMeters:1, distanceInMeters:200, azimuth:W, angleWithShip:11}",2022-03-15_Avian_基隆海域_18,研海生態顧問股份有限公司,1.0,,,,,,飛行,,,nan,,,2022-03-15,13:38,2022,3.0,15.0,2022-03-15,,Asia,Taiwan,基隆海域,,,25.44625,121.9955,WGS84,1.0,1e-06,KL_Avian_0000079,Calonectris leucomelas,species,大水薙鳥
23,2022-03-15_Avian_基隆海域_13,HumanObservation,"{heightInMeters:1, distanceInMeters:300, azimuth:SE, angleWithShip:12}",2022-03-15_Avian_基隆海域_13,研海生態顧問股份有限公司,1.0,,,,,,飛行,,,nan,,,2022-03-15,11:38,2022,3.0,15.0,2022-03-15,,Asia,Taiwan,基隆海域,,,25.53775,122.118667,WGS84,1.0,1e-06,KL_Avian_0000079,Calonectris leucomelas,species,大水薙鳥
26,2022-03-15_Avian_基隆海域_16,HumanObservation,"{heightInMeters:0, distanceInMeters:200, azimuth:X, angleWithShip:11}",2022-03-15_Avian_基隆海域_16,研海生態顧問股份有限公司,1.0,,,,,,停棲海面,,,nan,,,2022-03-15,13:22,2022,3.0,15.0,2022-03-15,,Asia,Taiwan,基隆海域,,,25.457,122.036194,WGS84,1.0,1e-06,KL_Avian_0000079,Calonectris leucomelas,species,大水薙鳥
27,2022-03-15_Avian_基隆海域_17,HumanObservation,"{heightInMeters:1, distanceInMeters:500, azimuth:W, angleWithShip:1}",2022-03-15_Avian_基隆海域_17,研海生態顧問股份有限公司,1.0,,,,,,飛行,,,nan,,,2022-03-15,13:31,2022,3.0,15.0,2022-03-15,,Asia,Taiwan,基隆海域,,,25.451,122.012944,WGS84,1.0,1e-06,KL_Avian_0000079,Calonectris leucomelas,species,大水薙鳥
149,2022-07-26_Avian_基隆海域_139,HumanObservation,"{heightInMeters:0-5, distanceInMeters:500, azimuth:NW, angleWithShip:2}",2022-07-26_Avian_基隆海域_139,研海生態顧問股份有限公司,4.0,,,,,,飛行,,,nan,,,2022-07-26,12:28,2022,7.0,26.0,2022-07-26,,Asia,Taiwan,基隆海域,,,25.389083,122.049306,WGS84,1.0,1e-06,KL_Avian_0000079,Calonectris leucomelas,species,大水薙鳥
671,2022-07-26_Avian_棉花嶼_20,HumanObservation,,2022-07-26_Avian_棉花嶼_20,研海生態顧問股份有限公司,4.0,,,,,,,,,nan,,,2022-07-26,,2022,7.0,26.0,2022-07-26,,Asia,Taiwan,棉花嶼,,,25.484834,122.105349,WGS84,400.0,1e-06,KL_Avian_0000079,Calonectris leucomelas,species,大水薙鳥
164,2022-07-26_Avian_基隆海域_154,HumanObservation,"{heightInMeters:0-5, distanceInMeters:300, azimuth:NW, angleWithShip:12}",2022-07-26_Avian_基隆海域_154,研海生態顧問股份有限公司,1.0,,,,,,飛行,,,nan,,,2022-07-26,15:20,2022,7.0,26.0,2022-07-26,,Asia,Taiwan,基隆海域,,,25.533417,122.138222,WGS84,1.0,1e-06,KL_Avian_0000079,Calonectris leucomelas,species,大水薙鳥
133,2022-07-26_Avian_基隆海域_123,HumanObservation,"{heightInMeters:0-5, distanceInMeters:NA, azimuth:NA, angleWithShip:NA}",2022-07-26_Avian_基隆海域_123,研海生態顧問股份有限公司,1.0,,,,,,飛行,,,nan,,,2022-07-26,10:52,2022,7.0,26.0,2022-07-26,,Asia,Taiwan,基隆海域,,,25.238056,121.912583,WGS84,1.0,1e-06,KL_Avian_0000079,Calonectris leucomelas,species,大水薙鳥
210,2022-09-30_Avian_基隆海域_200,HumanObservation,"{heightInMeters:0-5, distanceInMeters:500, azimuth:SE, angleWithShip:12}",2022-09-30_Avian_基隆海域_200,研海生態顧問股份有限公司,1.0,,,,,,飛行,,,nan,,,2022-09-30,08:20,2022,9.0,30.0,2022-09-30,,Asia,Taiwan,基隆海域,,,25.408417,122.007333,WGS84,1.0,1e-06,KL_Avian_0000079,Calonectris leucomelas,species,大水薙鳥
215,2022-09-30_Avian_基隆海域_205,HumanObservation,"{heightInMeters:0-5, distanceInMeters:200, azimuth:SW, angleWithShip:6}",2022-09-30_Avian_基隆海域_205,研海生態顧問股份有限公司,1.0,,,,,,飛行,,,nan,,,2022-09-30,08:38,2022,9.0,30.0,2022-09-30,,Asia,Taiwan,基隆海域,,,25.413028,122.004056,WGS84,1.0,1e-06,KL_Avian_0000079,Calonectris leucomelas,species,大水薙鳥
199,2022-09-30_Avian_基隆海域_189,HumanObservation,"{heightInMeters:0-5, distanceInMeters:300, azimuth:NE, angleWithShip:9}",2022-09-30_Avian_基隆海域_189,研海生態顧問股份有限公司,1.0,,,,,,飛行,,,nan,,,2022-09-30,07:17,2022,9.0,30.0,2022-09-30,,Asia,Taiwan,基隆海域,,,25.288472,121.905583,WGS84,1.0,1e-06,KL_Avian_0000079,Calonectris leucomelas,species,大水薙鳥
200,2022-09-30_Avian_基隆海域_190,HumanObservation,"{heightInMeters:0-5, distanceInMeters:>300, azimuth:S, angleWithShip:9}",2022-09-30_Avian_基隆海域_190,研海生態顧問股份有限公司,1.0,,,,,,飛行,,,nan,,,2022-09-30,07:22,2022,9.0,30.0,2022-09-30,,Asia,Taiwan,基隆海域,,,25.2965,121.9135,WGS84,1.0,1e-06,KL_Avian_0000079,Calonectris leucomelas,species,大水薙鳥
274,2022-09-30_Avian_基隆海域_264,HumanObservation,"{heightInMeters:0-5, distanceInMeters:100, azimuth:E, angleWithShip:2}",2022-09-30_Avian_基隆海域_264,研海生態顧問股份有限公司,2.0,,,,,,飛行,,,nan,,,2022-09-30,15:38,2022,9.0,30.0,2022-09-30,,Asia,Taiwan,基隆海域,,,25.318778,121.896722,WGS84,1.0,1e-06,KL_Avian_0000079,Calonectris leucomelas,species,大水薙鳥
271,2022-09-30_Avian_基隆海域_261,HumanObservation,"{heightInMeters:5-10, distanceInMeters:100, azimuth:SE, angleWithShip:9}",2022-09-30_Avian_基隆海域_261,研海生態顧問股份有限公司,1.0,,,,,,飛行,,,nan,,,2022-09-30,14:05,2022,9.0,30.0,2022-09-30,,Asia,Taiwan,基隆海域,,,25.439556,121.976472,WGS84,1.0,1e-06,KL_Avian_0000079,Calonectris leucomelas,species,大水薙鳥
269,2022-09-30_Avian_基隆海域_259,HumanObservation,"{heightInMeters:0-5, distanceInMeters:>300, azimuth:NE, angleWithShip:3}",2022-09-30_Avian_基隆海域_259,研海生態顧問股份有限公司,1.0,,,,,,飛行,,,nan,,,2022-09-30,13:54,2022,9.0,30.0,2022-09-30,,Asia,Taiwan,基隆海域,,,25.449417,122.002722,WGS84,1.0,1e-06,KL_Avian_0000079,Calonectris leucomelas,species,大水薙鳥
255,2022-09-30_Avian_基隆海域_245,HumanObservation,"{heightInMeters:0-5, distanceInMeters:>200, azimuth:E, angleWithShip:1}",2022-09-30_Avian_基隆海域_245,研海生態顧問股份有限公司,1.0,,,,,,飛行,,,nan,,,2022-09-30,12:18,2022,9.0,30.0,2022-09-30,,Asia,Taiwan,基隆海域,,,25.428278,122.066833,WGS84,1.0,1e-06,KL_Avian_0000079,Calonectris leucomelas,species,大水薙鳥
256,2022-09-30_Avian_基隆海域_246,HumanObservation,"{heightInMeters:0-5, distanceInMeters:200, azimuth:W, angleWithShip:2}",2022-09-30_Avian_基隆海域_246,研海生態顧問股份有限公司,1.0,,,,,,飛行,,,nan,,,2022-09-30,12:22,2022,9.0,30.0,2022-09-30,,Asia,Taiwan,基隆海域,,,25.437556,122.070333,WGS84,1.0,1e-06,KL_Avian_0000079,Calonectris leucomelas,species,大水薙鳥
259,2022-09-30_Avian_基隆海域_249,HumanObservation,"{heightInMeters:0-5, distanceInMeters:100, azimuth:E, angleWithShip:12}",2022-09-30_Avian_基隆海域_249,研海生態顧問股份有限公司,1.0,,,,,,飛行,,,nan,,,2022-09-30,12:25,2022,9.0,30.0,2022-09-30,,Asia,Taiwan,基隆海域,,,25.446417,122.073917,WGS84,1.0,1e-06,KL_Avian_0000079,Calonectris leucomelas,species,大水薙鳥
260,2022-09-30_Avian_基隆海域_250,HumanObservation,"{heightInMeters:0-5, distanceInMeters:50, azimuth:E, angleWithShip:12}",2022-09-30_Avian_基隆海域_250,研海生態顧問股份有限公司,1.0,,,,,,飛行,,,nan,,,2022-09-30,12:25,2022,9.0,30.0,2022-09-30,,Asia,Taiwan,基隆海域,,,25.446417,122.073917,WGS84,1.0,1e-06,KL_Avian_0000079,Calonectris leucomelas,species,大水薙鳥
2611,2023-00-00_Avian_棉花嶼_74,MachineObservation,,2023-00-00_Avian_棉花嶼_74,研海生態顧問股份有限公司,1.0,,,,,,,,,nan,2023年棉花嶼、花瓶嶼野生動物保護區巡護暨生態調查委託案成果報告,,2023,,2023,,,2023-00-00,,Asia,Taiwan,棉花嶼,,,25.484834,122.105349,WGS84,400.0,1e-06,KL_Avian_0000079,Calonectris leucomelas,species,大水薙鳥
2642,2023-04-11_Avian_基隆海域_03,HumanObservation,"{heightInMeters:0-5, distanceInMeters:400,飛行方向:E}",2023-04-11_Avian_基隆海域_03,研海生態顧問股份有限公司,1.0,,,,,,飛行,,,nan,2023年棉花嶼、花瓶嶼野生動物保護區巡護暨生態調查委託案成果報告,,2023-04-11,08:10,2023,4.0,11.0,2023-04-11,,Asia,Taiwan,基隆海域,,,25.46476611,122.0724164,WGS84,1.0,1e-06,KL_Avian_0000079,Calonectris leucomelas,species,大水薙鳥
2676,2023-07-11_Avian_基隆海域_37,HumanObservation,"{heightInMeters:0-5, distanceInMeters:400,飛行方向:NW}",2023-07-11_Avian_基隆海域_37,研海生態顧問股份有限公司,1.0,,,,,,飛行,,,nan,2023年棉花嶼、花瓶嶼野生動物保護區巡護暨生態調查委託案成果報告,,2023-07-11,06:57,2023,7.0,11.0,2023-07-11,,Asia,Taiwan,基隆海域,,,25.35291635,121.9700378,WGS84,1.0,1e-06,KL_Avian_0000079,Calonectris leucomelas,species,大水薙鳥
2683,2023-07-11_Avian_基隆海域_44,HumanObservation,"{heightInMeters:0-5, distanceInMeters:600,飛行方向:NW}",2023-07-11_Avian_基隆海域_44,研海生態顧問股份有限公司,1.0,,,,,,飛行,,,nan,2023年棉花嶼、花瓶嶼野生動物保護區巡護暨生態調查委託案成果報告,,2023-07-11,07:40,2023,7.0,11.0,2023-07-11,,Asia,Taiwan,基隆海域,,,25.45489078,122.0662796,WGS84,1.0,1e-06,KL_Avian_0000079,Calonectris leucomelas,species,大水薙鳥
2778,2023-08-21_Avian_基隆海域_139,HumanObservation,"{heightInMeters:0-5, distanceInMeters:400,飛行方向:SE}",2023-08-21_Avian_基隆海域_139,研海生態顧問股份有限公司,1.0,,,,,,飛行,,,nan,2023年棉花嶼、花瓶嶼野生動物保護區巡護暨生態調查委託案成果報告,,2023-08-21,07:42,2023,8.0,21.0,2023-08-21,,Asia,Taiwan,基隆海域,,,25.45019813,122.0503784,WGS84,1.0,1e-06,KL_Avian_0000079,Calonectris leucomelas,species,大水薙鳥
2814,2023-08-21_Avian_基隆海域_175,HumanObservation,"{heightInMeters:0-5, distanceInMeters:400,飛行方向:NW}",2023-08-21_Avian_基隆海域_175,研海生態顧問股份有限公司,1.0,,,,,,飛行,,,nan,2023年棉花嶼、花瓶嶼野生動物保護區巡護暨生態調查委託案成果報告,,2023-08-21,11:44,2023,8.0,21.0,2023-08-21,,Asia,Taiwan,基隆海域,,,25.44421486,122.1681167,WGS84,1.0,1e-06,KL_Avian_0000079,Calonectris leucomelas,species,大水薙鳥
2808,2023-08-21_Avian_基隆海域_169,HumanObservation,"{heightInMeters:0-5, distanceInMeters:600,飛行方向:X}",2023-08-21_Avian_基隆海域_169,研海生態顧問股份有限公司,9.0,,,,,,覓食,,,nan,2023年棉花嶼、花瓶嶼野生動物保護區巡護暨生態調查委託案成果報告,,2023-08-21,11:02,2023,8.0,21.0,2023-08-21,,Asia,Taiwan,基隆海域,,,25.4278722,122.2507426,WGS84,1.0,1e-06,KL_Avian_0000079,Calonectris leucomelas,species,大水薙鳥
2801,2023-08-21_Avian_基隆海域_162,HumanObservation,"{heightInMeters:0-5, distanceInMeters:300,飛行方向:E}",2023-08-21_Avian_基隆海域_162,研海生態顧問股份有限公司,1.0,,,,,,飛行,,,nan,2023年棉花嶼、花瓶嶼野生動物保護區巡護暨生態調查委託案成果報告,,2023-08-21,09:39,2023,8.0,21.0,2023-08-21,,Asia,Taiwan,基隆海域,,,25.42333063,122.2355167,WGS84,1.0,1e-06,KL_Avian_0000079,Calonectris leucomelas,species,大水薙鳥
2750,2023-08-21_Avian_基隆海域_111,HumanObservation,"{heightInMeters:0-5, distanceInMeters:700,飛行方向:W}",2023-08-21_Avian_基隆海域_111,研海生態顧問股份有限公司,1.0,,,,,,飛行,,,nan,2023年棉花嶼、花瓶嶼野生動物保護區巡護暨生態調查委託案成果報告,,2023-08-21,06:42,2023,8.0,21.0,2023-08-21,,Asia,Taiwan,基隆海域,,,25.34560631,121.9498333,WGS84,1.0,1e-06,KL_Avian_0000079,Calonectris leucomelas,species,大水薙鳥
2741,2023-08-21_Avian_基隆海域_102,HumanObservation,"{heightInMeters:0-5, distanceInMeters:300,飛行方向:E}",2023-08-21_Avian_基隆海域_102,研海生態顧問股份有限公司,1.0,,,,,,飛行,,,nan,2023年棉花嶼、花瓶嶼野生動物保護區巡護暨生態調查委託案成果報告,,2023-08-21,06:17,2023,8.0,21.0,2023-08-21,,Asia,Taiwan,基隆海域,,,25.2921611,121.897488,WGS84,1.0,1e-06,KL_Avian_0000079,Calonectris leucomelas,species,大水薙鳥
2822,2023-08-21_Avian_基隆海域_183,HumanObservation,"{heightInMeters:0-5, distanceInMeters:100,飛行方向:E}",2023-08-21_Avian_基隆海域_183,研海生態顧問股份有限公司,1.0,,,,,,飛行,,,nan,2023年棉花嶼、花瓶嶼野生動物保護區巡護暨生態調查委託案成果報告,,2023-08-21,13:13,2023,8.0,21.0,2023-08-21,,Asia,Taiwan,基隆海域,,,25.45798423,122.0263667,WGS84,1.0,1e-06,KL_Avian_0000079,Calonectris leucomelas,species,大水薙鳥
2837,2023-08-21_Avian_基隆海域_198,HumanObservation,"{heightInMeters:0-5, distanceInMeters:500,飛行方向:NW}",2023-08-21_Avian_基隆海域_198,研海生態顧問股份有限公司,1.0,,,,,,飛行,,,nan,2023年棉花嶼、花瓶嶼野生動物保護區巡護暨生態調查委託案成果報告,,2023-08-21,14:53,2023,8.0,21.0,2023-08-21,,Asia,Taiwan,基隆海域,,,25.28545,121.8751333,WGS84,1.0,1e-06,KL_Avian_0000079,Calonectris leucomelas,species,大水薙鳥
2834,2023-08-21_Avian_基隆海域_195,HumanObservation,"{heightInMeters:0-5, distanceInMeters:300,飛行方向:NE}",2023-08-21_Avian_基隆海域_195,研海生態顧問股份有限公司,1.0,,,,,,飛行,,,nan,2023年棉花嶼、花瓶嶼野生動物保護區巡護暨生態調查委託案成果報告,,2023-08-21,14:37,2023,8.0,21.0,2023-08-21,,Asia,Taiwan,基隆海域,,,25.32411532,121.8935167,WGS84,1.0,1e-06,KL_Avian_0000079,Calonectris leucomelas,species,大水薙鳥
2831,2023-08-21_Avian_基隆海域_192,HumanObservation,"{heightInMeters:0-5, distanceInMeters:200,飛行方向:NW}",2023-08-21_Avian_基隆海域_192,研海生態顧問股份有限公司,1.0,,,,,,飛行,,,nan,2023年棉花嶼、花瓶嶼野生動物保護區巡護暨生態調查委託案成果報告,,2023-08-21,14:29,2023,8.0,21.0,2023-08-21,,Asia,Taiwan,基隆海域,,,25.3452482,121.9044,WGS84,1.0,1e-06,KL_Avian_0000079,Calonectris leucomelas,species,大水薙鳥
2983,2023-09-18_Avian_基隆海域_344,HumanObservation,"{heightInMeters:0-5, distanceInMeters:300,飛行方向:S}",2023-09-18_Avian_基隆海域_344,研海生態顧問股份有限公司,1.0,,,,,,飛行,,,nan,2023年棉花嶼、花瓶嶼野生動物保護區巡護暨生態調查委託案成果報告,,2023-09-18,13:45,2023,9.0,18.0,2023-09-18,,Asia,Taiwan,基隆海域,,,25.44315217,121.9964656,WGS84,1.0,1e-06,KL_Avian_0000079,Calonectris leucomelas,species,大水薙鳥
2980,2023-09-18_Avian_基隆海域_341,HumanObservation,"{heightInMeters:0-5, distanceInMeters:300,飛行方向:S}",2023-09-18_Avian_基隆海域_341,研海生態顧問股份有限公司,1.0,,,,,,飛行,,,nan,2023年棉花嶼、花瓶嶼野生動物保護區巡護暨生態調查委託案成果報告,,2023-09-18,13:30,2023,9.0,18.0,2023-09-18,,Asia,Taiwan,基隆海域,,,25.45293462,122.0292849,WGS84,1.0,1e-06,KL_Avian_0000079,Calonectris leucomelas,species,大水薙鳥
2978,2023-09-18_Avian_基隆海域_339,HumanObservation,"{heightInMeters:0-5, distanceInMeters:200,飛行方向:S}",2023-09-18_Avian_基隆海域_339,研海生態顧問股份有限公司,1.0,,,,,,飛行,,,nan,2023年棉花嶼、花瓶嶼野生動物保護區巡護暨生態調查委託案成果報告,,2023-09-18,13:26,2023,9.0,18.0,2023-09-18,,Asia,Taiwan,基隆海域,,,25.45755678,122.040433,WGS84,1.0,1e-06,KL_Avian_0000079,Calonectris leucomelas,species,大水薙鳥
5506,2023-11-13_Avian_棉花嶼_N2_03,MachineObservation,,2023-11-13_Avian_棉花嶼_N2_03,研海生態顧問股份有限公司,1.0,,,,,,,,,nan,2024年棉花嶼、花瓶嶼野生動物保護區巡護暨生態調查委託案成果報告,,2023-11-13,21:55,2023,11.0,13.0,2023-11-13,,Asia,Taiwan,棉花嶼,,,25.486359,122.105316,WGS84,10.0,1e-06,KL_Avian_0000079,Calonectris leucomelas,species,大水薙鳥
5507,2023-11-13_Avian_棉花嶼_N2_04,MachineObservation,,2023-11-13_Avian_棉花嶼_N2_04,研海生態顧問股份有限公司,1.0,,,,,,,,,nan,2024年棉花嶼、花瓶嶼野生動物保護區巡護暨生態調查委託案成果報告,,2023-11-13,21:56,2023,11.0,13.0,2023-11-13,,Asia,Taiwan,棉花嶼,,,25.486359,122.105316,WGS84,10.0,1e-06,KL_Avian_0000079,Calonectris leucomelas,species,大水薙鳥
5508,2023-11-13_Avian_棉花嶼_N2_05,MachineObservation,,2023-11-13_Avian_棉花嶼_N2_05,研海生態顧問股份有限公司,1.0,,,,,,,,,nan,2024年棉花嶼、花瓶嶼野生動物保護區巡護暨生態調查委託案成果報告,,2023-11-13,21:57,2023,11.0,13.0,2023-11-13,,Asia,Taiwan,棉花嶼,,,25.486359,122.105316,WGS84,10.0,1e-06,KL_Avian_0000079,Calonectris leucomelas,species,大水薙鳥
5509,2023-11-13_Avian_棉花嶼_N2_06,MachineObservation,,2023-11-13_Avian_棉花嶼_N2_06,研海生態顧問股份有限公司,1.0,,,,,,,,,nan,2024年棉花嶼、花瓶嶼野生動物保護區巡護暨生態調查委託案成果報告,,2023-11-13,21:58,2023,11.0,13.0,2023-11-13,,Asia,Taiwan,棉花嶼,,,25.486359,122.105316,WGS84,10.0,1e-06,KL_Avian_0000079,Calonectris leucomelas,species,大水薙鳥
5510,2023-11-13_Avian_棉花嶼_N2_07,MachineObservation,,2023-11-13_Avian_棉花嶼_N2_07,研海生態顧問股份有限公司,1.0,,,,,,,,,nan,2024年棉花嶼、花瓶嶼野生動物保護區巡護暨生態調查委託案成果報告,,2023-11-13,22:00,2023,11.0,13.0,2023-11-13,,Asia,Taiwan,棉花嶼,,,25.486359,122.105316,WGS84,10.0,1e-06,KL_Avian_0000079,Calonectris leucomelas,species,大水薙鳥
5512,2023-11-13_Avian_棉花嶼_N2_09,MachineObservation,,2023-11-13_Avian_棉花嶼_N2_09,研海生態顧問股份有限公司,1.0,,,,,,,,,nan,2024年棉花嶼、花瓶嶼野生動物保護區巡護暨生態調查委託案成果報告,,2023-11-13,22:01,2023,11.0,13.0,2023-11-13,,Asia,Taiwan,棉花嶼,,,25.486359,122.105316,WGS84,10.0,1e-06,KL_Avian_0000079,Calonectris leucomelas,species,大水薙鳥
5513,2023-11-13_Avian_棉花嶼_N2_10,MachineObservation,,2023-11-13_Avian_棉花嶼_N2_10,研海生態顧問股份有限公司,1.0,,,,,,,,,nan,2024年棉花嶼、花瓶嶼野生動物保護區巡護暨生態調查委託案成果報告,,2023-11-13,22:01,2023,11.0,13.0,2023-11-13,,Asia,Taiwan,棉花嶼,,,25.486359,122.105316,WGS84,10.0,1e-06,KL_Avian_0000079,Calonectris leucomelas,species,大水薙鳥
5516,2023-11-13_Avian_棉花嶼_N2_13,MachineObservation,,2023-11-13_Avian_棉花嶼_N2_13,研海生態顧問股份有限公司,1.0,,,,,,,,,nan,2024年棉花嶼、花瓶嶼野生動物保護區巡護暨生態調查委託案成果報告,,2023-11-13,22:02,2023,11.0,13.0,2023-11-13,,Asia,Taiwan,棉花嶼,,,25.486359,122.105316,WGS84,10.0,1e-06,KL_Avian_0000079,Calonectris leucomelas,species,大水薙鳥
5515,2023-11-13_Avian_棉花嶼_N2_12,MachineObservation,,2023-11-13_Avian_棉花嶼_N2_12,研海生態顧問股份有限公司,1.0,,,,,,,,,nan,2024年棉花嶼、花瓶嶼野生動物保護區巡護暨生態調查委託案成果報告,,2023-11-13,22:01,2023,11.0,13.0,2023-11-13,,Asia,Taiwan,棉花嶼,,,25.486359,122.105316,WGS84,10.0,1e-06,KL_Avian_0000079,Calonectris leucomelas,species,大水薙鳥
5517,2023-11-13_Avian_棉花嶼_N2_14,MachineObservation,,2023-11-13_Avian_棉花嶼_N2_14,研海生態顧問股份有限公司,1.0,,,,,,,,,nan,2024年棉花嶼、花瓶嶼野生動物保護區巡護暨生態調查委託案成果報告,,2023-11-13,22:02,2023,11.0,13.0,2023-11-13,,Asia,Taiwan,棉花嶼,,,25.486359,122.105316,WGS84,10.0,1e-06,KL_Avian_0000079,Calonectris leucomelas,species,大水薙鳥
5518,2023-11-13_Avian_棉花嶼_N2_15,MachineObservation,,2023-11-13_Avian_棉花嶼_N2_15,研海生態顧問股份有限公司,1.0,,,,,,,,,nan,2024年棉花嶼、花瓶嶼野生動物保護區巡護暨生態調查委託案成果報告,,2023-11-13,22:02,2023,11.0,13.0,2023-11-13,,Asia,Taiwan,棉花嶼,,,25.486359,122.105316,WGS84,10.0,1e-06,KL_Avian_0000079,Calonectris leucomelas,species,大水薙鳥
5519,2023-11-13_Avian_棉花嶼_N2_16,MachineObservation,,2023-11-13_Avian_棉花嶼_N2_16,研海生態顧問股份有限公司,1.0,,,,,,,,,nan,2024年棉花嶼、花瓶嶼野生動物保護區巡護暨生態調查委託案成果報告,,2023-11-13,22:03,2023,11.0,13.0,2023-11-13,,Asia,Taiwan,棉花嶼,,,25.486359,122.105316,WGS84,10.0,1e-06,KL_Avian_0000079,Calonectris leucomelas,species,大水薙鳥
5520,2023-11-13_Avian_棉花嶼_N2_17,MachineObservation,,2023-11-13_Avian_棉花嶼_N2_17,研海生態顧問股份有限公司,1.0,,,,,,,,,nan,2024年棉花嶼、花瓶嶼野生動物保護區巡護暨生態調查委託案成果報告,,2023-11-13,22:03,2023,11.0,13.0,2023-11-13,,Asia,Taiwan,棉花嶼,,,25.486359,122.105316,WGS84,10.0,1e-06,KL_Avian_0000079,Calonectris leucomelas,species,大水薙鳥
5521,2023-11-13_Avian_棉花嶼_N2_18,MachineObservation,,2023-11-13_Avian_棉花嶼_N2_18,研海生態顧問股份有限公司,1.0,,,,,,,,,nan,2024年棉花嶼、花瓶嶼野生動物保護區巡護暨生態調查委託案成果報告,,2023-11-13,22:04,2023,11.0,13.0,2023-11-13,,Asia,Taiwan,棉花嶼,,,25.486359,122.105316,WGS84,10.0,1e-06,KL_Avian_0000079,Calonectris leucomelas,species,大水薙鳥
5522,2023-11-13_Avian_棉花嶼_N2_19,MachineObservation,,2023-11-13_Avian_棉花嶼_N2_19,研海生態顧問股份有限公司,1.0,,,,,,,,,nan,2024年棉花嶼、花瓶嶼野生動物保護區巡護暨生態調查委託案成果報告,,2023-11-13,22:04,2023,11.0,13.0,2023-11-13,,Asia,Taiwan,棉花嶼,,,25.486359,122.105316,WGS84,10.0,1e-06,KL_Avian_0000079,Calonectris leucomelas,species,大水薙鳥
5514,2023-11-13_Avian_棉花嶼_N2_11,MachineObservation,,2023-11-13_Avian_棉花嶼_N2_11,研海生態顧問股份有限公司,1.0,,,,,,,,,nan,2024年棉花嶼、花瓶嶼野生動物保護區巡護暨生態調查委託案成果報告,,2023-11-13,22:01,2023,11.0,13.0,2023-11-13,,Asia,Taiwan,棉花嶼,,,25.486359,122.105316,WGS84,10.0,1e-06,KL_Avian_0000079,Calonectris leucomelas,species,大水薙鳥
5511,2023-11-13_Avian_棉花嶼_N2_08,MachineObservation,,2023-11-13_Avian_棉花嶼_N2_08,研海生態顧問股份有限公司,1.0,,,,,,,,,nan,2024年棉花嶼、花瓶嶼野生動物保護區巡護暨生態調查委託案成果報告,,2023-11-13,22:00,2023,11.0,13.0,2023-11-13,,Asia,Taiwan,棉花嶼,,,25.486359,122.105316,WGS84,10.0,1e-06,KL_Avian_0000079,Calonectris leucomelas,species,大水薙鳥
3051,2024-04-01_Avian_基隆海域_42,HumanObservation,"{heightInMeter:0-5,distanceInMeter:300,飛行方向:W}",2024-04-01_Avian_基隆海域_42,研海生態顧問股份有限公司,2.0,,,,,,飛行,,,nan,2024年棉花嶼、花瓶嶼野生動物保護區巡護暨生態調查委託案成果報告,,2024-04-01,14:00,2024,4.0,1.0,2024-04-01,,Asia,Taiwan,基隆海域,,,25.4132675,122.095668,WGS84,1.0,1e-06,KL_Avian_0000079,Calonectris leucomelas,species,大水薙鳥
3040,2024-04-01_Avian_基隆海域_31,HumanObservation,"{heightInMeter:0-5,distanceInMeter:300,飛行方向:N}",2024-04-01_Avian_基隆海域_31,研海生態顧問股份有限公司,1.0,,,,,,飛行,,,nan,2024年棉花嶼、花瓶嶼野生動物保護區巡護暨生態調查委託案成果報告,,2024-04-01,13:01,2024,4.0,1.0,2024-04-01,,Asia,Taiwan,基隆海域,,,25.43378612,122.1914279,WGS84,1.0,1e-06,KL_Avian_0000079,Calonectris leucomelas,species,大水薙鳥
3036,2024-04-01_Avian_基隆海域_27,HumanObservation,"{heightInMeter:0-5,distanceInMeter:300,飛行方向:NE}",2024-04-01_Avian_基隆海域_27,研海生態顧問股份有限公司,1.0,,,,,,飛行,,,nan,2024年棉花嶼、花瓶嶼野生動物保護區巡護暨生態調查委託案成果報告,,2024-04-01,12:35,2024,4.0,1.0,2024-04-01,,Asia,Taiwan,基隆海域,,,25.47962399,122.2851816,WGS84,1.0,1e-06,KL_Avian_0000079,Calonectris leucomelas,species,大水薙鳥
3076,2024-04-01_Avian_基隆海域_67,HumanObservation,"{heightInMeter:0-5,distanceInMeter:600,飛行方向:NE}",2024-04-01_Avian_基隆海域_67,研海生態顧問股份有限公司,1.0,,,,,,飛行,,,nan,2024年棉花嶼、花瓶嶼野生動物保護區巡護暨生態調查委託案成果報告,,2024-04-01,17:47,2024,4.0,1.0,2024-04-01,,Asia,Taiwan,基隆海域,,,25.31029,121.8903778,WGS84,1.0,1e-06,KL_Avian_0000079,Calonectris leucomelas,species,大水薙鳥
3075,2024-04-01_Avian_基隆海域_66,HumanObservation,"{heightInMeter:0-5,distanceInMeter:100,飛行方向:NE}",2024-04-01_Avian_基隆海域_66,研海生態顧問股份有限公司,1.0,,,,,,飛行,,,nan,2024年棉花嶼、花瓶嶼野生動物保護區巡護暨生態調查委託案成果報告,,2024-04-01,17:46,2024,4.0,1.0,2024-04-01,,Asia,Taiwan,基隆海域,,,25.32354258,121.9028887,WGS84,1.0,1e-06,KL_Avian_0000079,Calonectris leucomelas,species,大水薙鳥
3073,2024-04-01_Avian_基隆海域_64,HumanObservation,"{heightInMeter:0-5,distanceInMeter:600,飛行方向:NW}",2024-04-01_Avian_基隆海域_64,研海生態顧問股份有限公司,1.0,,,,,,飛行,,,nan,2024年棉花嶼、花瓶嶼野生動物保護區巡護暨生態調查委託案成果報告,,2024-04-01,17:20,2024,4.0,1.0,2024-04-01,,Asia,Taiwan,基隆海域,,,25.3386185,121.9080348,WGS84,1.0,1e-06,KL_Avian_0000079,Calonectris leucomelas,species,大水薙鳥
3072,2024-04-01_Avian_基隆海域_63,HumanObservation,"{heightInMeter:0-5,distanceInMeter:400,飛行方向:NW}",2024-04-01_Avian_基隆海域_63,研海生態顧問股份有限公司,1.0,,,,,,飛行,,,nan,2024年棉花嶼、花瓶嶼野生動物保護區巡護暨生態調查委託案成果報告,,2024-04-01,17:24,2024,4.0,1.0,2024-04-01,,Asia,Taiwan,基隆海域,,,25.34906604,121.9131343,WGS84,1.0,1e-06,KL_Avian_0000079,Calonectris leucomelas,species,大水薙鳥
3070,2024-04-01_Avian_基隆海域_61,HumanObservation,"{heightInMeter:0-5,distanceInMeter:300,飛行方向:NW}",2024-04-01_Avian_基隆海域_61,研海生態顧問股份有限公司,1.0,,,,,,飛行,,,nan,2024年棉花嶼、花瓶嶼野生動物保護區巡護暨生態調查委託案成果報告,,2024-04-01,17:11,2024,4.0,1.0,2024-04-01,,Asia,Taiwan,基隆海域,,,25.38011828,121.929667,WGS84,1.0,1e-06,KL_Avian_0000079,Calonectris leucomelas,species,大水薙鳥
3069,2024-04-01_Avian_基隆海域_60,HumanObservation,"{heightInMeter:0,distanceInMeter:500}",2024-04-01_Avian_基隆海域_60,研海生態顧問股份有限公司,4.0,,,,,,海上漂浮,,,nan,2024年棉花嶼、花瓶嶼野生動物保護區巡護暨生態調查委託案成果報告,,2024-04-01,17:11,2024,4.0,1.0,2024-04-01,,Asia,Taiwan,基隆海域,,,25.3771502,121.9299843,WGS84,1.0,1e-06,KL_Avian_0000079,Calonectris leucomelas,species,大水薙鳥
3061,2024-04-01_Avian_基隆海域_52,HumanObservation,"{heightInMeter:0-5,distanceInMeter:300,飛行方向:N}",2024-04-01_Avian_基隆海域_52,研海生態顧問股份有限公司,1.0,,,,,,飛行,,,nan,2024年棉花嶼、花瓶嶼野生動物保護區巡護暨生態調查委託案成果報告,,2024-04-01,16:58,2024,4.0,1.0,2024-04-01,,Asia,Taiwan,基隆海域,,,25.45390773,122.0277536,WGS84,1.0,1e-06,KL_Avian_0000079,Calonectris leucomelas,species,大水薙鳥
3026,2024-04-01_Avian_基隆海域_17,HumanObservation,"{heightInMeter:0-5,distanceInMeter:500,飛行方向:N}",2024-04-01_Avian_基隆海域_17,研海生態顧問股份有限公司,1.0,,,,,,飛行,,,nan,2024年棉花嶼、花瓶嶼野生動物保護區巡護暨生態調查委託案成果報告,,2024-04-01,09:05,2024,4.0,1.0,2024-04-01,,Asia,Taiwan,基隆海域,,,25.4156798,122.0216063,WGS84,1.0,1e-06,KL_Avian_0000079,Calonectris leucomelas,species,大水薙鳥
3024,2024-04-01_Avian_基隆海域_15,HumanObservation,"{heightInMeter:0-5,distanceInMeter:200,飛行方向:NE}",2024-04-01_Avian_基隆海域_15,研海生態顧問股份有限公司,1.0,,,,,,飛行,,,nan,2024年棉花嶼、花瓶嶼野生動物保護區巡護暨生態調查委託案成果報告,,2024-04-01,09:58,2024,4.0,1.0,2024-04-01,,Asia,Taiwan,基隆海域,,,25.3785704,121.9861639,WGS84,1.0,1e-06,KL_Avian_0000079,Calonectris leucomelas,species,大水薙鳥
3020,2024-04-01_Avian_基隆海域_11,HumanObservation,"{heightInMeter:0-5,distanceInMeter:300,飛行方向:NE}",2024-04-01_Avian_基隆海域_11,研海生態顧問股份有限公司,4.0,,,,,,飛行,,,nan,2024年棉花嶼、花瓶嶼野生動物保護區巡護暨生態調查委託案成果報告,,2024-04-01,09:28,2024,4.0,1.0,2024-04-01,,Asia,Taiwan,基隆海域,,,25.34583,121.963142,WGS84,1.0,1e-06,KL_Avian_0000079,Calonectris leucomelas,species,大水薙鳥
3019,2024-04-01_Avian_基隆海域_10,HumanObservation,"{heightInMeter:0-5,distanceInMeter:200}",2024-04-01_Avian_基隆海域_10,研海生態顧問股份有限公司,4.0,,,,,,盤旋,,,nan,2024年棉花嶼、花瓶嶼野生動物保護區巡護暨生態調查委託案成果報告,,2024-04-01,09:48,2024,4.0,1.0,2024-04-01,,Asia,Taiwan,基隆海域,,,25.3436304,121.9581957,WGS84,1.0,1e-06,KL_Avian_0000079,Calonectris leucomelas,species,大水薙鳥
3017,2024-04-01_Avian_基隆海域_08,HumanObservation,"{heightInMeter:0-5,distanceInMeter:500,飛行方向:E}",2024-04-01_Avian_基隆海域_08,研海生態顧問股份有限公司,1.0,,,,,,飛行,,,nan,2024年棉花嶼、花瓶嶼野生動物保護區巡護暨生態調查委託案成果報告,,2024-04-01,08:20,2024,4.0,1.0,2024-04-01,,Asia,Taiwan,基隆海域,,,25.22492,121.860875,WGS84,1.0,1e-06,KL_Avian_0000079,Calonectris leucomelas,species,大水薙鳥
3016,2024-04-01_Avian_基隆海域_07,HumanObservation,"{heightInMeter:0-5,distanceInMeter:300,飛行方向:E}",2024-04-01_Avian_基隆海域_07,研海生態顧問股份有限公司,1.0,,,,,,飛行,,,nan,2024年棉花嶼、花瓶嶼野生動物保護區巡護暨生態調查委託案成果報告,,2024-04-01,08:18,2024,4.0,1.0,2024-04-01,,Asia,Taiwan,基隆海域,,,25.22478561,121.8554964,WGS84,1.0,1e-06,KL_Avian_0000079,Calonectris leucomelas,species,大水薙鳥
3034,2024-04-01_Avian_基隆海域_25,HumanObservation,"{heightInMeter:0-5,distanceInMeter:300,飛行方向:NE}",2024-04-01_Avian_基隆海域_25,研海生態顧問股份有限公司,1.0,,,,,,飛行,,,nan,2024年棉花嶼、花瓶嶼野生動物保護區巡護暨生態調查委託案成果報告,,2024-04-01,12:08,2024,4.0,1.0,2024-04-01,,Asia,Taiwan,基隆海域,,,25.48666399,122.2437216,WGS84,1.0,1e-06,KL_Avian_0000079,Calonectris leucomelas,species,大水薙鳥
5705,2024-04-06_Avian_棉花嶼_N9_13,MachineObservation,,2024-04-06_Avian_棉花嶼_N9_13,研海生態顧問股份有限公司,1.0,,,,,,,,,nan,2024年棉花嶼、花瓶嶼野生動物保護區巡護暨生態調查委託案成果報告,,2024-04-06,03:51,2024,4.0,6.0,2024-04-06,,Asia,Taiwan,棉花嶼,,,25.482449,122.105694,WGS84,10.0,1e-06,KL_Avian_0000079,Calonectris leucomelas,species,大水薙鳥
5720,2024-04-06_Avian_棉花嶼_N9_28,MachineObservation,,2024-04-06_Avian_棉花嶼_N9_28,研海生態顧問股份有限公司,1.0,,,,,,,,,nan,2024年棉花嶼、花瓶嶼野生動物保護區巡護暨生態調查委託案成果報告,,2024-04-06,04:02,2024,4.0,6.0,2024-04-06,,Asia,Taiwan,棉花嶼,,,25.482449,122.105694,WGS84,10.0,1e-06,KL_Avian_0000079,Calonectris leucomelas,species,大水薙鳥
5704,2024-04-06_Avian_棉花嶼_N9_12,MachineObservation,,2024-04-06_Avian_棉花嶼_N9_12,研海生態顧問股份有限公司,1.0,,,,,,,,,nan,2024年棉花嶼、花瓶嶼野生動物保護區巡護暨生態調查委託案成果報告,,2024-04-06,03:51,2024,4.0,6.0,2024-04-06,,Asia,Taiwan,棉花嶼,,,25.482449,122.105694,WGS84,10.0,1e-06,KL_Avian_0000079,Calonectris leucomelas,species,大水薙鳥
5703,2024-04-06_Avian_棉花嶼_N9_11,MachineObservation,,2024-04-06_Avian_棉花嶼_N9_11,研海生態顧問股份有限公司,1.0,,,,,,,,,nan,2024年棉花嶼、花瓶嶼野生動物保護區巡護暨生態調查委託案成果報告,,2024-04-06,03:50,2024,4.0,6.0,2024-04-06,,Asia,Taiwan,棉花嶼,,,25.482449,122.105694,WGS84,10.0,1e-06,KL_Avian_0000079,Calonectris leucomelas,species,大水薙鳥
5702,2024-04-06_Avian_棉花嶼_N9_10,MachineObservation,,2024-04-06_Avian_棉花嶼_N9_10,研海生態顧問股份有限公司,1.0,,,,,,,,,nan,2024年棉花嶼、花瓶嶼野生動物保護區巡護暨生態調查委託案成果報告,,2024-04-06,03:50,2024,4.0,6.0,2024-04-06,,Asia,Taiwan,棉花嶼,,,25.482449,122.105694,WGS84,10.0,1e-06,KL_Avian_0000079,Calonectris leucomelas,species,大水薙鳥
5701,2024-04-06_Avian_棉花嶼_N9_09,MachineObservation,,2024-04-06_Avian_棉花嶼_N9_09,研海生態顧問股份有限公司,1.0,,,,,,,,,nan,2024年棉花嶼、花瓶嶼野生動物保護區巡護暨生態調查委託案成果報告,,2024-04-06,03:49,2024,4.0,6.0,2024-04-06,,Asia,Taiwan,棉花嶼,,,25.482449,122.105694,WGS84,10.0,1e-06,KL_Avian_0000079,Calonectris leucomelas,species,大水薙鳥
5700,2024-04-06_Avian_棉花嶼_N9_08,MachineObservation,,2024-04-06_Avian_棉花嶼_N9_08,研海生態顧問股份有限公司,1.0,,,,,,,,,nan,2024年棉花嶼、花瓶嶼野生動物保護區巡護暨生態調查委託案成果報告,,2024-04-06,03:47,2024,4.0,6.0,2024-04-06,,Asia,Taiwan,棉花嶼,,,25.482449,122.105694,WGS84,10.0,1e-06,KL_Avian_0000079,Calonectris leucomelas,species,大水薙鳥
5699,2024-04-06_Avian_棉花嶼_N9_07,MachineObservation,,2024-04-06_Avian_棉花嶼_N9_07,研海生態顧問股份有限公司,1.0,,,,,,,,,nan,2024年棉花嶼、花瓶嶼野生動物保護區巡護暨生態調查委託案成果報告,,2024-04-06,03:46,2024,4.0,6.0,2024-04-06,,Asia,Taiwan,棉花嶼,,,25.482449,122.105694,WGS84,10.0,1e-06,KL_Avian_0000079,Calonectris leucomelas,species,大水薙鳥
5698,2024-04-06_Avian_棉花嶼_N9_06,MachineObservation,,2024-04-06_Avian_棉花嶼_N9_06,研海生態顧問股份有限公司,1.0,,,,,,,,,nan,2024年棉花嶼、花瓶嶼野生動物保護區巡護暨生態調查委託案成果報告,,2024-04-06,03:46,2024,4.0,6.0,2024-04-06,,Asia,Taiwan,棉花嶼,,,25.482449,122.105694,WGS84,10.0,1e-06,KL_Avian_0000079,Calonectris leucomelas,species,大水薙鳥
5697,2024-04-06_Avian_棉花嶼_N9_05,MachineObservation,,2024-04-06_Avian_棉花嶼_N9_05,研海生態顧問股份有限公司,1.0,,,,,,,,,nan,2024年棉花嶼、花瓶嶼野生動物保護區巡護暨生態調查委託案成果報告,,2024-04-06,03:45,2024,4.0,6.0,2024-04-06,,Asia,Taiwan,棉花嶼,,,25.482449,122.105694,WGS84,10.0,1e-06,KL_Avian_0000079,Calonectris leucomelas,species,大水薙鳥
5695,2024-04-06_Avian_棉花嶼_N9_03,MachineObservation,,2024-04-06_Avian_棉花嶼_N9_03,研海生態顧問股份有限公司,1.0,,,,,,,,,nan,2024年棉花嶼、花瓶嶼野生動物保護區巡護暨生態調查委託案成果報告,,2024-04-06,03:44,2024,4.0,6.0,2024-04-06,,Asia,Taiwan,棉花嶼,,,25.482449,122.105694,WGS84,10.0,1e-06,KL_Avian_0000079,Calonectris leucomelas,species,大水薙鳥
5694,2024-04-06_Avian_棉花嶼_N9_02,MachineObservation,,2024-04-06_Avian_棉花嶼_N9_02,研海生態顧問股份有限公司,1.0,,,,,,,,,nan,2024年棉花嶼、花瓶嶼野生動物保護區巡護暨生態調查委託案成果報告,,2024-04-06,03:44,2024,4.0,6.0,2024-04-06,,Asia,Taiwan,棉花嶼,,,25.482449,122.105694,WGS84,10.0,1e-06,KL_Avian_0000079,Calonectris leucomelas,species,大水薙鳥
5706,2024-04-06_Avian_棉花嶼_N9_14,MachineObservation,,2024-04-06_Avian_棉花嶼_N9_14,研海生態顧問股份有限公司,1.0,,,,,,,,,nan,2024年棉花嶼、花瓶嶼野生動物保護區巡護暨生態調查委託案成果報告,,2024-04-06,03:52,2024,4.0,6.0,2024-04-06,,Asia,Taiwan,棉花嶼,,,25.482449,122.105694,WGS84,10.0,1e-06,KL_Avian_0000079,Calonectris leucomelas,species,大水薙鳥
5707,2024-04-06_Avian_棉花嶼_N9_15,MachineObservation,,2024-04-06_Avian_棉花嶼_N9_15,研海生態顧問股份有限公司,1.0,,,,,,,,,nan,2024年棉花嶼、花瓶嶼野生動物保護區巡護暨生態調查委託案成果報告,,2024-04-06,03:52,2024,4.0,6.0,2024-04-06,,Asia,Taiwan,棉花嶼,,,25.482449,122.105694,WGS84,10.0,1e-06,KL_Avian_0000079,Calonectris leucomelas,species,大水薙鳥
5709,2024-04-06_Avian_棉花嶼_N9_17,MachineObservation,,2024-04-06_Avian_棉花嶼_N9_17,研海生態顧問股份有限公司,1.0,,,,,,,,,nan,2024年棉花嶼、花瓶嶼野生動物保護區巡護暨生態調查委託案成果報告,,2024-04-06,03:53,2024,4.0,6.0,2024-04-06,,Asia,Taiwan,棉花嶼,,,25.482449,122.105694,WGS84,10.0,1e-06,KL_Avian_0000079,Calonectris leucomelas,species,大水薙鳥
5710,2024-04-06_Avian_棉花嶼_N9_18,MachineObservation,,2024-04-06_Avian_棉花嶼_N9_18,研海生態顧問股份有限公司,1.0,,,,,,,,,nan,2024年棉花嶼、花瓶嶼野生動物保護區巡護暨生態調查委託案成果報告,,2024-04-06,03:54,2024,4.0,6.0,2024-04-06,,Asia,Taiwan,棉花嶼,,,25.482449,122.105694,WGS84,10.0,1e-06,KL_Avian_0000079,Calonectris leucomelas,species,大水薙鳥
5712,2024-04-06_Avian_棉花嶼_N9_20,MachineObservation,,2024-04-06_Avian_棉花嶼_N9_20,研海生態顧問股份有限公司,1.0,,,,,,,,,nan,2024年棉花嶼、花瓶嶼野生動物保護區巡護暨生態調查委託案成果報告,,2024-04-06,03:55,2024,4.0,6.0,2024-04-06,,Asia,Taiwan,棉花嶼,,,25.482449,122.105694,WGS84,10.0,1e-06,KL_Avian_0000079,Calonectris leucomelas,species,大水薙鳥
5713,2024-04-06_Avian_棉花嶼_N9_21,MachineObservation,,2024-04-06_Avian_棉花嶼_N9_21,研海生態顧問股份有限公司,1.0,,,,,,,,,nan,2024年棉花嶼、花瓶嶼野生動物保護區巡護暨生態調查委託案成果報告,,2024-04-06,03:57,2024,4.0,6.0,2024-04-06,,Asia,Taiwan,棉花嶼,,,25.482449,122.105694,WGS84,10.0,1e-06,KL_Avian_0000079,Calonectris leucomelas,species,大水薙鳥
5714,2024-04-06_Avian_棉花嶼_N9_22,MachineObservation,,2024-04-06_Avian_棉花嶼_N9_22,研海生態顧問股份有限公司,1.0,,,,,,,,,nan,2024年棉花嶼、花瓶嶼野生動物保護區巡護暨生態調查委託案成果報告,,2024-04-06,03:57,2024,4.0,6.0,2024-04-06,,Asia,Taiwan,棉花嶼,,,25.482449,122.105694,WGS84,10.0,1e-06,KL_Avian_0000079,Calonectris leucomelas,species,大水薙鳥
5715,2024-04-06_Avian_棉花嶼_N9_23,MachineObservation,,2024-04-06_Avian_棉花嶼_N9_23,研海生態顧問股份有限公司,1.0,,,,,,,,,nan,2024年棉花嶼、花瓶嶼野生動物保護區巡護暨生態調查委託案成果報告,,2024-04-06,03:59,2024,4.0,6.0,2024-04-06,,Asia,Taiwan,棉花嶼,,,25.482449,122.105694,WGS84,10.0,1e-06,KL_Avian_0000079,Calonectris leucomelas,species,大水薙鳥
5716,2024-04-06_Avian_棉花嶼_N9_24,MachineObservation,,2024-04-06_Avian_棉花嶼_N9_24,研海生態顧問股份有限公司,1.0,,,,,,,,,nan,2024年棉花嶼、花瓶嶼野生動物保護區巡護暨生態調查委託案成果報告,,2024-04-06,03:59,2024,4.0,6.0,2024-04-06,,Asia,Taiwan,棉花嶼,,,25.482449,122.105694,WGS84,10.0,1e-06,KL_Avian_0000079,Calonectris leucomelas,species,大水薙鳥
5717,2024-04-06_Avian_棉花嶼_N9_25,MachineObservation,,2024-04-06_Avian_棉花嶼_N9_25,研海生態顧問股份有限公司,1.0,,,,,,,,,nan,2024年棉花嶼、花瓶嶼野生動物保護區巡護暨生態調查委託案成果報告,,2024-04-06,04:00,2024,4.0,6.0,2024-04-06,,Asia,Taiwan,棉花嶼,,,25.482449,122.105694,WGS84,10.0,1e-06,KL_Avian_0000079,Calonectris leucomelas,species,大水薙鳥
5718,2024-04-06_Avian_棉花嶼_N9_26,MachineObservation,,2024-04-06_Avian_棉花嶼_N9_26,研海生態顧問股份有限公司,1.0,,,,,,,,,nan,2024年棉花嶼、花瓶嶼野生動物保護區巡護暨生態調查委託案成果報告,,2024-04-06,04:01,2024,4.0,6.0,2024-04-06,,Asia,Taiwan,棉花嶼,,,25.482449,122.105694,WGS84,10.0,1e-06,KL_Avian_0000079,Calonectris leucomelas,species,大水薙鳥
5719,2024-04-06_Avian_棉花嶼_N9_27,MachineObservation,,2024-04-06_Avian_棉花嶼_N9_27,研海生態顧問股份有限公司,1.0,,,,,,,,,nan,2024年棉花嶼、花瓶嶼野生動物保護區巡護暨生態調查委託案成果報告,,2024-04-06,04:01,2024,4.0,6.0,2024-04-06,,Asia,Taiwan,棉花嶼,,,25.482449,122.105694,WGS84,10.0,1e-06,KL_Avian_0000079,Calonectris leucomelas,species,大水薙鳥
5708,2024-04-06_Avian_棉花嶼_N9_16,MachineObservation,,2024-04-06_Avian_棉花嶼_N9_16,研海生態顧問股份有限公司,1.0,,,,,,,,,nan,2024年棉花嶼、花瓶嶼野生動物保護區巡護暨生態調查委託案成果報告,,2024-04-06,03:53,2024,4.0,6.0,2024-04-06,,Asia,Taiwan,棉花嶼,,,25.482449,122.105694,WGS84,10.0,1e-06,KL_Avian_0000079,Calonectris leucomelas,species,大水薙鳥
5711,2024-04-06_Avian_棉花嶼_N9_19,MachineObservation,,2024-04-06_Avian_棉花嶼_N9_19,研海生態顧問股份有限公司,1.0,,,,,,,,,nan,2024年棉花嶼、花瓶嶼野生動物保護區巡護暨生態調查委託案成果報告,,2024-04-06,03:55,2024,4.0,6.0,2024-04-06,,Asia,Taiwan,棉花嶼,,,25.482449,122.105694,WGS84,10.0,1e-06,KL_Avian_0000079,Calonectris leucomelas,species,大水薙鳥
5696,2024-04-06_Avian_棉花嶼_N9_04,MachineObservation,,2024-04-06_Avian_棉花嶼_N9_04,研海生態顧問股份有限公司,1.0,,,,,,,,,nan,2024年棉花嶼、花瓶嶼野生動物保護區巡護暨生態調查委託案成果報告,,2024-04-06,03:45,2024,4.0,6.0,2024-04-06,,Asia,Taiwan,棉花嶼,,,25.482449,122.105694,WGS84,10.0,1e-06,KL_Avian_0000079,Calonectris leucomelas,species,大水薙鳥
5726,2024-05-09_Avian_棉花嶼_N9_34,MachineObservation,,2024-05-09_Avian_棉花嶼_N9_34,研海生態顧問股份有限公司,1.0,,,,,,,,,nan,2024年棉花嶼、花瓶嶼野生動物保護區巡護暨生態調查委託案成果報告,,2024-05-09,03:42,2024,5.0,9.0,2024-05-09,,Asia,Taiwan,棉花嶼,,,25.482449,122.105694,WGS84,10.0,1e-06,KL_Avian_0000079,Calonectris leucomelas,species,大水薙鳥
3086,2024-05-27_Avian_基隆海域_77,HumanObservation,"{heightInMeter:0-5,distanceInMeter:400,飛行方向:SE}",2024-05-27_Avian_基隆海域_77,研海生態顧問股份有限公司,1.0,,,,,,飛行,,,nan,2024年棉花嶼、花瓶嶼野生動物保護區巡護暨生態調查委託案成果報告,,2024-05-27,07:25,2024,5.0,27.0,2024-05-27,,Asia,Taiwan,基隆海域,,,25.44334081,122.0402136,WGS84,1.0,1e-06,KL_Avian_0000079,Calonectris leucomelas,species,大水薙鳥
3097,2024-05-27_Avian_基隆海域_88,HumanObservation,"{heightInMeter:0-5,distanceInMeter:300,飛行方向:NW}",2024-05-27_Avian_基隆海域_88,研海生態顧問股份有限公司,1.0,,,,,,飛行,,,nan,2024年棉花嶼、花瓶嶼野生動物保護區巡護暨生態調查委託案成果報告,,2024-05-27,09:54,2024,5.0,27.0,2024-05-27,,Asia,Taiwan,基隆海域,,,25.33875507,122.13441,WGS84,1.0,1e-06,KL_Avian_0000079,Calonectris leucomelas,species,大水薙鳥
3101,2024-05-27_Avian_基隆海域_92,HumanObservation,"{heightInMeter:0-5,distanceInMeter:500,飛行方向:E}",2024-05-27_Avian_基隆海域_92,研海生態顧問股份有限公司,1.0,,,,,,飛行,,,nan,2024年棉花嶼、花瓶嶼野生動物保護區巡護暨生態調查委託案成果報告,,2024-05-27,10:41,2024,5.0,27.0,2024-05-27,,Asia,Taiwan,基隆海域,,,25.4050398,122.0619161,WGS84,1.0,1e-06,KL_Avian_0000079,Calonectris leucomelas,species,大水薙鳥
3102,2024-05-27_Avian_基隆海域_93,HumanObservation,"{heightInMeter:0-5,distanceInMeter:500,飛行方向:NE}",2024-05-27_Avian_基隆海域_93,研海生態顧問股份有限公司,1.0,,,,,,飛行,,,nan,2024年棉花嶼、花瓶嶼野生動物保護區巡護暨生態調查委託案成果報告,,2024-05-27,10:27,2024,5.0,27.0,2024-05-27,,Asia,Taiwan,基隆海域,,,25.42646422,122.0470371,WGS84,1.0,1e-06,KL_Avian_0000079,Calonectris leucomelas,species,大水薙鳥
3104,2024-05-27_Avian_基隆海域_95,HumanObservation,"{heightInMeter:0-5,distanceInMeter:400,飛行方向:SW}",2024-05-27_Avian_基隆海域_95,研海生態顧問股份有限公司,1.0,,,,,,飛行,,,nan,2024年棉花嶼、花瓶嶼野生動物保護區巡護暨生態調查委託案成果報告,,2024-05-27,11:55,2024,5.0,27.0,2024-05-27,,Asia,Taiwan,基隆海域,,,25.48436338,122.0097273,WGS84,1.0,1e-06,KL_Avian_0000079,Calonectris leucomelas,species,大水薙鳥
3110,2024-05-27_Avian_基隆海域_101,HumanObservation,"{heightInMeter:0-5,distanceInMeter:300}",2024-05-27_Avian_基隆海域_101,研海生態顧問股份有限公司,1.0,,,,,,盤旋,,,nan,2024年棉花嶼、花瓶嶼野生動物保護區巡護暨生態調查委託案成果報告,,2024-05-27,13:00,2024,5.0,27.0,2024-05-27,,Asia,Taiwan,基隆海域,,,25.43091253,121.9819443,WGS84,1.0,1e-06,KL_Avian_0000079,Calonectris leucomelas,species,大水薙鳥
3078,2024-05-27_Avian_基隆海域_69,HumanObservation,"{heightInMeter:0-5,distanceInMeter:500,飛行方向:E}",2024-05-27_Avian_基隆海域_69,研海生態顧問股份有限公司,2.0,,,,,,飛行,,,nan,2024年棉花嶼、花瓶嶼野生動物保護區巡護暨生態調查委託案成果報告,,2024-05-27,06:43,2024,5.0,27.0,2024-05-27,,Asia,Taiwan,基隆海域,,,25.28791578,121.863902,WGS84,1.0,1e-06,KL_Avian_0000079,Calonectris leucomelas,species,大水薙鳥
3080,2024-05-27_Avian_基隆海域_71,HumanObservation,"{heightInMeter:0-5,distanceInMeter:600,飛行方向:E}",2024-05-27_Avian_基隆海域_71,研海生態顧問股份有限公司,1.0,,,,,,飛行,,,nan,2024年棉花嶼、花瓶嶼野生動物保護區巡護暨生態調查委託案成果報告,,2024-05-27,06:44,2024,5.0,27.0,2024-05-27,,Asia,Taiwan,基隆海域,,,25.34154121,121.9333669,WGS84,1.0,1e-06,KL_Avian_0000079,Calonectris leucomelas,species,大水薙鳥
3118,2024-05-27_Avian_基隆海域_109,HumanObservation,"{heightInMeter:0-5,distanceInMeter:500,飛行方向:NE}",2024-05-27_Avian_基隆海域_109,研海生態顧問股份有限公司,2.0,,,,,,飛行,,,nan,2024年棉花嶼、花瓶嶼野生動物保護區巡護暨生態調查委託案成果報告,,2024-05-27,15:00,2024,5.0,27.0,2024-05-27,,Asia,Taiwan,基隆海域,,,25.3488398,121.904755,WGS84,1.0,1e-06,KL_Avian_0000079,Calonectris leucomelas,species,大水薙鳥
3120,2024-05-27_Avian_基隆海域_111,HumanObservation,"{heightInMeter:0,distanceInMeter:200}",2024-05-27_Avian_基隆海域_111,研海生態顧問股份有限公司,5.0,,,,,,海上漂浮,,,nan,2024年棉花嶼、花瓶嶼野生動物保護區巡護暨生態調查委託案成果報告,,2024-05-27,15:00,2024,5.0,27.0,2024-05-27,,Asia,Taiwan,基隆海域,,,25.34305,121.9033421,WGS84,1.0,1e-06,KL_Avian_0000079,Calonectris leucomelas,species,大水薙鳥
3121,2024-05-27_Avian_基隆海域_112,HumanObservation,"{heightInMeter:0-5,distanceInMeter:600,飛行方向:E}",2024-05-27_Avian_基隆海域_112,研海生態顧問股份有限公司,1.0,,,,,,飛行,,,nan,2024年棉花嶼、花瓶嶼野生動物保護區巡護暨生態調查委託案成果報告,,2024-05-27,15:00,2024,5.0,27.0,2024-05-27,,Asia,Taiwan,基隆海域,,,25.32547,121.887997,WGS84,1.0,1e-06,KL_Avian_0000079,Calonectris leucomelas,species,大水薙鳥
3122,2024-05-27_Avian_基隆海域_113,HumanObservation,"{heightInMeter:0,distanceInMeter:300}",2024-05-27_Avian_基隆海域_113,研海生態顧問股份有限公司,1.0,,,,,,覓食,,,nan,2024年棉花嶼、花瓶嶼野生動物保護區巡護暨生態調查委託案成果報告,,2024-05-27,15:00,2024,5.0,27.0,2024-05-27,,Asia,Taiwan,基隆海域,,,25.31989203,121.8879539,WGS84,1.0,1e-06,KL_Avian_0000079,Calonectris leucomelas,species,大水薙鳥
3125,2024-05-27_Avian_基隆海域_116,HumanObservation,,2024-05-27_Avian_基隆海域_116,研海生態顧問股份有限公司,2.0,,,,,,,,,nan,2024年棉花嶼、花瓶嶼野生動物保護區巡護暨生態調查委託案成果報告,,2024-05-27,15:00,2024,5.0,27.0,2024-05-27,,Asia,Taiwan,基隆海域,,,25.28297,121.87203,WGS84,1.0,1e-06,KL_Avian_0000079,Calonectris leucomelas,species,大水薙鳥
3126,2024-05-27_Avian_基隆海域_117,HumanObservation,,2024-05-27_Avian_基隆海域_117,研海生態顧問股份有限公司,3.0,,,,,,,,,nan,2024年棉花嶼、花瓶嶼野生動物保護區巡護暨生態調查委託案成果報告,,2024-05-27,15:00,2024,5.0,27.0,2024-05-27,,Asia,Taiwan,基隆海域,,,25.27749,121.86957,WGS84,1.0,1e-06,KL_Avian_0000079,Calonectris leucomelas,species,大水薙鳥
3129,2024-05-27_Avian_基隆海域_120,HumanObservation,,2024-05-27_Avian_基隆海域_120,研海生態顧問股份有限公司,1.0,,,,,,,,,nan,2024年棉花嶼、花瓶嶼野生動物保護區巡護暨生態調查委託案成果報告,,2024-05-27,15:00,2024,5.0,27.0,2024-05-27,,Asia,Taiwan,基隆海域,,,25.25789,121.85999,WGS84,1.0,1e-06,KL_Avian_0000079,Calonectris leucomelas,species,大水薙鳥
3131,2024-05-27_Avian_基隆海域_122,HumanObservation,,2024-05-27_Avian_基隆海域_122,研海生態顧問股份有限公司,2.0,,,,,,,,,nan,2024年棉花嶼、花瓶嶼野生動物保護區巡護暨生態調查委託案成果報告,,2024-05-27,15:00,2024,5.0,27.0,2024-05-27,,Asia,Taiwan,基隆海域,,,25.2491,121.8558,WGS84,1.0,1e-06,KL_Avian_0000079,Calonectris leucomelas,species,大水薙鳥
3133,2024-05-27_Avian_基隆海域_124,HumanObservation,,2024-05-27_Avian_基隆海域_124,研海生態顧問股份有限公司,1.0,,,,,,,,,nan,2024年棉花嶼、花瓶嶼野生動物保護區巡護暨生態調查委託案成果報告,,2024-05-27,16:00,2024,5.0,27.0,2024-05-27,,Asia,Taiwan,基隆海域,,,25.2185,121.83601,WGS84,1.0,1e-06,KL_Avian_0000079,Calonectris leucomelas,species,大水薙鳥
3134,2024-05-27_Avian_基隆海域_125,HumanObservation,,2024-05-27_Avian_基隆海域_125,研海生態顧問股份有限公司,1.0,,,,,,,,,nan,2024年棉花嶼、花瓶嶼野生動物保護區巡護暨生態調查委託案成果報告,,2024-05-27,16:00,2024,5.0,27.0,2024-05-27,,Asia,Taiwan,基隆海域,,,25.20995,121.83133,WGS84,1.0,1e-06,KL_Avian_0000079,Calonectris leucomelas,species,大水薙鳥
3160,2024-07-31_Avian_基隆海域_151,HumanObservation,"{heightInMeter:0-5,distanceInMeter:600}",2024-07-31_Avian_基隆海域_151,研海生態顧問股份有限公司,1.0,,,,,,盤旋,,,nan,2024年棉花嶼、花瓶嶼野生動物保護區巡護暨生態調查委託案成果報告,,2024-07-31,06:44,2024,7.0,31.0,2024-07-31,,Asia,Taiwan,基隆海域,,,25.35149121,121.9631672,WGS84,1.0,1e-06,KL_Avian_0000079,Calonectris leucomelas,species,大水薙鳥
3287,2024-07-31_Avian_棉花嶼_53,HumanObservation,,2024-07-31_Avian_棉花嶼_53,研海生態顧問股份有限公司,3.0,,,,,,,,,nan,2024年棉花嶼、花瓶嶼野生動物保護區巡護暨生態調查委託案成果報告,,2024-07-31,,2024,7.0,31.0,2024-07-31,,Asia,Taiwan,棉花嶼,,,25.484834,122.105349,WGS84,400.0,1e-06,KL_Avian_0000079,Calonectris leucomelas,species,大水薙鳥
3226,2024-09-12_Avian_基隆海域_217,HumanObservation,"{heightInMeter:0-5,distanceInMeter:300,飛行方向:SE}",2024-09-12_Avian_基隆海域_217,研海生態顧問股份有限公司,1.0,,,,,,飛行,,,nan,2024年棉花嶼、花瓶嶼野生動物保護區巡護暨生態調查委託案成果報告,,2024-09-12,06:05,2024,9.0,12.0,2024-09-12,,Asia,Taiwan,基隆海域,,,25.40719493,122.01587,WGS84,1.0,1e-06,KL_Avian_0000079,Calonectris leucomelas,species,大水薙鳥
3220,2024-09-12_Avian_基隆海域_211,HumanObservation,"{heightInMeter:0-5,distanceInMeter:300,飛行方向:NW}",2024-09-12_Avian_基隆海域_211,研海生態顧問股份有限公司,1.0,,,,,,飛行,,,nan,2024年棉花嶼、花瓶嶼野生動物保護區巡護暨生態調查委託案成果報告,,2024-09-12,06:14,2024,9.0,12.0,2024-09-12,,Asia,Taiwan,基隆海域,,,25.33321561,121.9472383,WGS84,1.0,1e-06,KL_Avian_0000079,Calonectris leucomelas,species,大水薙鳥
3218,2024-09-12_Avian_基隆海域_209,HumanObservation,"{heightInMeter:0-5,distanceInMeter:600,飛行方向:NW}",2024-09-12_Avian_基隆海域_209,研海生態顧問股份有限公司,1.0,,,,,,飛行,,,nan,2024年棉花嶼、花瓶嶼野生動物保護區巡護暨生態調查委託案成果報告,,2024-09-12,06:42,2024,9.0,12.0,2024-09-12,,Asia,Taiwan,基隆海域,,,25.31626121,121.932286,WGS84,1.0,1e-06,KL_Avian_0000079,Calonectris leucomelas,species,大水薙鳥
3213,2024-09-12_Avian_基隆海域_204,HumanObservation,"{heightInMeter:0-5,distanceInMeter:500,飛行方向:E}",2024-09-12_Avian_基隆海域_204,研海生態顧問股份有限公司,1.0,,,,,,飛行,,,nan,2024年棉花嶼、花瓶嶼野生動物保護區巡護暨生態調查委託案成果報告,,2024-09-12,05:17,2024,9.0,12.0,2024-09-12,,Asia,Taiwan,基隆海域,,,25.2844725,121.9044381,WGS84,1.0,1e-06,KL_Avian_0000079,Calonectris leucomelas,species,大水薙鳥
3209,2024-09-12_Avian_基隆海域_200,HumanObservation,"{heightInMeter:0-5,distanceInMeter:100,飛行方向:SE}",2024-09-12_Avian_基隆海域_200,研海生態顧問股份有限公司,1.0,,,,,,飛行,,,nan,2024年棉花嶼、花瓶嶼野生動物保護區巡護暨生態調查委託案成果報告,,2024-09-12,05:36,2024,9.0,12.0,2024-09-12,,Asia,Taiwan,基隆海域,,,25.2183025,121.8371791,WGS84,1.0,1e-06,KL_Avian_0000079,Calonectris leucomelas,species,大水薙鳥
3234,2024-09-12_Avian_基隆海域_225,HumanObservation,"{heightInMeter:0-5,distanceInMeter:200}",2024-09-12_Avian_基隆海域_225,研海生態顧問股份有限公司,1.0,,,,,,盤旋,,,nan,2024年棉花嶼、花瓶嶼野生動物保護區巡護暨生態調查委託案成果報告,,2024-09-12,12:27,2024,9.0,12.0,2024-09-12,,Asia,Taiwan,基隆海域,,,25.4631,122.0156099,WGS84,1.0,1e-06,KL_Avian_0000079,Calonectris leucomelas,species,大水薙鳥
10223,2025-03-26_Avian_棉花嶼_N9_15,MachineObservation,,2025-03-26_Avian_棉花嶼_N9_15,研海生態顧問股份有限公司,1.0,,,,,,,,,nan,2025年棉花嶼、花瓶嶼野生動物保護區巡護暨生態調查委託案成果報告,,2025-03-26,04:34,2025,3.0,26.0,2025-03-26,,Asia,Taiwan,棉花嶼,,,25.482449,122.105694,WGS84,10.0,1e-06,KL_Avian_0000079,Calonectris leucomelas,species,大水薙鳥
5736,2025-04-08_Avian_基隆海域_05,HumanObservation,"{heightInMeter:0-5,distanceInMeter:1500,飛行方向:--}",2025-04-08_Avian_基隆海域_05,研海生態顧問股份有限公司,1.0,,,,,,覓食,,,nan,2025年棉花嶼、花瓶嶼野生動物保護區巡護暨生態調查委託案成果報告,,2025-04-08,07:26,2025,4.0,8.0,2025-04-08,,Asia,Taiwan,基隆海域,,,25.48771161,122.0858529,WGS84,1.0,1e-06,KL_Avian_0000079,Calonectris leucomelas,species,大水薙鳥
5790,2025-08-19_Avian_基隆海域_59,HumanObservation,"{heightInMeter:0-5,distanceInMeter:300,飛行方向:SW}",2025-08-19_Avian_基隆海域_59,研海生態顧問股份有限公司,1.0,,,,,,飛行,,,nan,2025年棉花嶼、花瓶嶼野生動物保護區巡護暨生態調查委託案成果報告,,2025-08-19,06:41,2025,8.0,19.0,2025-08-19,,Asia,Taiwan,基隆海域,,,25.36235898,121.9777684,WGS84,1.0,1e-06,KL_Avian_0000079,Calonectris leucomelas,species,大水薙鳥
5814,2025-09-30_Avian_基隆海域_83,HumanObservation,"{heightInMeter:0-5,distanceInMeter:300,飛行方向:SW}",2025-09-30_Avian_基隆海域_83,研海生態顧問股份有限公司,1.0,,,,,,飛行,,,nan,2025年棉花嶼、花瓶嶼野生動物保護區巡護暨生態調查委託案成果報告,,2025-09-30,07:38,2025,9.0,30.0,2025-09-30,,Asia,Taiwan,基隆海域,,,25.32911314,121.9470642,WGS84,1.0,1e-06,KL_Avian_0000079,Calonectris leucomelas,species,大水薙鳥
